Category,name,mrp,discountPercent,availableQuantity,discountedSellingPrice,weightInGms,outOfStock,quantity,mrp_rs,selling_price_rs,discount_amount_rs,potential_revenue
Beverages,The Bake Shop Whole Wheat Bread,4000,0,0,4000,400,True,400,40.0,40.0,0.0,0.0
Beverages,Funfoods Peanut Butter Creamy,16900,0,1,16900,400,False,400,169.0,169.0,0.0,169.0
Beverages,D'lecta Cheddar Cheese,19900,5,6,18900,200,False,200,199.0,189.0,10.0,1134.0
Beverages,RRO Mascarpone Cheese,35500,50,6,17700,200,False,200,355.0,177.0,178.0,1062.0
Beverages,RRO Goat Milk Fetta Cheee,34500,31,6,23700,100,False,100,345.0,237.0,108.0,1422.0
Beverages,Go Cheese Processed Block,24900,4,6,23700,400,False,400,249.0,237.0,12.0,1422.0
Beverages,Go Processed Cheese Block,12500,4,6,11900,200,False,200,125.0,119.0,6.0,714.0
Beverages,The Whole Truth Peanut Butter - Sweetened & Crunchy,21500,20,6,17200,325,False,325,215.0,172.0,43.0,1032.0
Beverages,Laughing Cow Cheese 8 Portion 120Gm Imported,11000,0,6,11000,120,False,120,110.0,110.0,0.0,660.0
Beverages,Amulya Dairy Whitener,38000,2,4,37200,1000,False,1,380.0,372.0,8.0,1488.0
Beverages,Dlicia Whip Topping Bottle,23500,27,5,17100,1000,False,1,235.0,171.0,64.0,855.0
Beverages,Go Cheese Spread - Four Pepper (Soft & Creamy),9900,5,6,9400,200,False,200,99.0,94.0,5.0,564.0
Beverages,Amul Safed Makkhan,23500,1,6,23200,500,False,500,235.0,232.0,3.0,1392.0
Beverages,Funfoods Peanut Butter Crunchy,16900,7,1,15600,400,False,400,169.0,156.0,13.0,156.0
Beverages,Pantai Coconut Milk,15000,0,4,15000,400,False,400,150.0,150.0,0.0,600.0
Beverages,Go Cheese Processed Squares,12500,5,6,11800,200,False,200,125.0,118.0,7.0,708.0
Beverages,RRO Burrata Cheese,25000,50,4,12500,200,False,200,250.0,125.0,125.0,500.0
Beverages,Yogabar 100% Pure Peanut Butter Creamy & Yummy Unsweetened,22900,10,6,20600,400,False,400,229.0,206.0,23.0,1236.0
Beverages,The Laughing Cow Cheese Cubes,15000,0,4,15000,200,False,200,150.0,150.0,0.0,600.0
Beverages,RRO Mozzarella Pizza Cheese,27500,50,6,13700,200,False,200,275.0,137.0,138.0,822.0
Beverages,Dlecta Cheese Cubes 2,14500,5,6,13700,200,False,200,145.0,137.0,8.0,822.0
Beverages,RRO Fresh Ricotta,27500,50,6,13700,200,False,200,275.0,137.0,138.0,822.0
Beverages,Pantai Coconut Cream,15000,4,4,14300,400,False,400,150.0,143.0,7.0,572.0
Beverages,Suguna Fit Egg,12000,43,4,6800,348,False,6,120.0,68.0,52.0,272.0
Beverages,The Whole Truth Peanut Butter With Dates - Creamy No Sugar,21500,9,6,19400,325,False,325,215.0,194.0,21.0,1164.0
Beverages,RRO Cheddar Block Cheese,29500,50,6,14700,200,False,200,295.0,147.0,148.0,882.0
Beverages,Go Pizza Cheese,14000,5,6,13300,200,False,200,140.0,133.0,7.0,798.0
Beverages,Go Cheese Spread - Garlic,9900,5,6,9400,200,False,200,99.0,94.0,5.0,564.0
Beverages,Suguna Heart- Omega3,7200,13,4,6200,348,False,6,72.0,62.0,10.0,248.0
Beverages,The Whole Truth Dark Chocolate Peanut Butter - Crunchy,23500,20,5,18800,325,False,325,235.0,188.0,47.0,940.0
Beverages,Dlecta Natural Cheddar Slices,19900,5,6,18900,200,False,200,199.0,189.0,10.0,1134.0
Beverages,Dlecta Cheese Block,14500,0,6,14500,200,False,200,145.0,145.0,0.0,870.0
Beverages,The Laughing Cow Plain Processed Cheese Block,15000,0,6,15000,200,False,200,150.0,150.0,0.0,900.0
Beverages,Prabhat Malai Paneer Pouch,8000,0,0,8000,200,True,200,80.0,80.0,0.0,0.0
Beverages,Pillsbury Pancake Mix - Funfetti,9900,11,0,8800,162,True,162,99.0,88.0,11.0,0.0
Beverages,Suguna Vitamin D Egg,7500,17,0,6200,348,True,6,75.0,62.0,13.0,0.0
Beverages,Britannia Burger Bun with Sesame Seed,3000,0,0,3000,200,True,200,30.0,30.0,0.0,0.0
Beverages,D'lecta Shredded Mozzarella Cheese,10000,5,0,9500,140,True,140,100.0,95.0,5.0,0.0
Beverages,The Bake Shop Burger Buns,2000,0,0,2000,100,True,100,20.0,20.0,0.0,0.0
Beverages,Amul Cheese Spread Spicy Garlic,8500,3,0,8200,200,True,200,85.0,82.0,3.0,0.0
Beverages,The Whole Truth Peanut Butter - Unsweetened & Crunchy,18500,20,0,14800,325,True,325,185.0,148.0,37.0,0.0
Beverages,Go Cheese Pizza Blend Mozzarella + Cheddar,12500,5,0,11800,200,True,200,125.0,118.0,7.0,0.0
Beverages,Nestle A+ Slim Milk,8900,0,0,8900,1000,True,1,89.0,89.0,0.0,0.0
Beverages,The Bake Shop Multi Grain Bread,6500,0,0,6500,400,True,400,65.0,65.0,0.0,0.0
Beverages,Suguna Nourish Egg,6200,0,0,6200,696,True,12,62.0,62.0,0.0,0.0
Beverages,Britannia Atta Kulcha,3000,0,0,3000,250,True,250,30.0,30.0,0.0,0.0
Beverages,President Butter - Salted,5400,0,6,5400,100,False,100,54.0,54.0,0.0,324.0
Beverages,Amul Cheese Spread Yummy Plain,8500,0,0,8500,200,True,200,85.0,85.0,0.0,0.0
Beverages,Britannia Cheese Garlic Bread,3500,0,0,3500,300,True,300,35.0,35.0,0.0,0.0
Beverages,Nestle A+ Slim Dahi - Low Fat,7800,3,0,7500,400,True,400,78.0,75.0,3.0,0.0
Beverages,The Bake Shop Pizza Base Whole Wheat,3000,0,0,3000,150,True,150,30.0,30.0,0.0,0.0
Beverages,Amul Pizza Cheese - Mozzarella,10000,1,0,9900,200,True,200,100.0,99.0,1.0,0.0
Beverages,Amul Cheese Slices,7100,1,0,7000,100,True,100,71.0,70.0,1.0,0.0
Beverages,Amul Slim Trim Skimmed Milk,7500,0,0,7500,1000,True,1,75.0,75.0,0.0,0.0
Beverages,Suguna Active - DHA,7200,13,4,6200,348,False,6,72.0,62.0,10.0,248.0
Beverages,Amul Lactose Free Milk,2500,4,0,2400,250,True,250,25.0,24.0,1.0,0.0
Beverages,Amul Fresh Cream,6300,0,0,6300,250,True,250,63.0,63.0,0.0,0.0
Beverages,Amul Taaza Toned Homogenised Milk,6600,3,0,6400,1000,True,1,66.0,64.0,2.0,0.0
Beverages,Amul Malai Paneer Fresh,7600,3,0,7300,200,True,200,76.0,73.0,3.0,0.0
Beverages,The Laughing Cow Cheese Spread Plain,11000,0,6,11000,180,False,180,110.0,110.0,0.0,660.0
Beverages,Yoga Bar Peanut Butter Dark Chocolate Jar,24900,0,4,24900,400,False,400,249.0,249.0,0.0,996.0
Beverages,The Bake Shop Whole Wheat Ladi Pav,4000,0,0,4000,200,True,200,40.0,40.0,0.0,0.0
Beverages,D'lecta Cream Cheese,16900,4,4,16100,150,False,150,169.0,161.0,8.0,644.0
Beverages,Amul Cheese Sauce Jalapeno,7500,0,5,7500,200,False,200,75.0,75.0,0.0,375.0
Beverages,So Good Almond Milk - Natural Unsweetened,7000,0,4,7000,200,False,200,70.0,70.0,0.0,280.0
Beverages,Epigamia Misti Doi,3000,0,6,3000,85,False,85,30.0,30.0,0.0,180.0
Beverages,Amul Cheese - Block,24500,2,6,24000,500,False,500,245.0,240.0,5.0,1440.0
Beverages,Amul Butter - Pasteurised (School Pack),5900,3,6,5700,100,False,100,59.0,57.0,2.0,342.0
Beverages,Britannia Brown Bread,4200,0,4,4200,400,False,400,42.0,42.0,0.0,168.0
Beverages,Amul Fresh Cream,19700,3,3,19100,1000,False,1,197.0,191.0,6.0,573.0
Beverages,Epigamia Natural Greek Yogurt,4500,0,6,4500,90,False,90,45.0,45.0,0.0,270.0
Beverages,The Bake Shop Pizza Base,3000,0,1,3000,150,False,150,30.0,30.0,0.0,30.0
Beverages,Amul Delicious Fat Spread - Cholesterol Free,1800,5,6,1700,100,False,100,18.0,17.0,1.0,102.0
Beverages,D'lecta Dairy Cream,5400,5,6,5100,200,False,200,54.0,51.0,3.0,306.0
Beverages,Nestle A+ Actiplus Probiotic Dahi Plain Curd,7800,3,5,7500,400,False,400,78.0,75.0,3.0,375.0
Beverages,Bio Nutrients Pure Diet Tofu Gold,6000,5,5,5700,200,False,200,60.0,57.0,3.0,285.0
Beverages,Amul Delicious Fat Spread - Cholesterol Free,8800,2,2,8600,500,False,500,88.0,86.0,2.0,172.0
Beverages,Amul Mithai Mate Condensed Sweetened Milk,5600,3,4,5400,200,False,200,56.0,54.0,2.0,216.0
Beverages,Arden Eggs Brown,8500,7,4,7900,348,False,6,85.0,79.0,6.0,316.0
Beverages,Arden Desi Eggs,11000,13,4,9500,348,False,6,110.0,95.0,15.0,380.0
Beverages,Amul Cheese Spread Creamy,8500,5,6,8000,180,False,180,85.0,80.0,5.0,480.0
Beverages,The Bake Shop Foot Long,4000,0,1,4000,200,False,200,40.0,40.0,0.0,40.0
Beverages,Amul Cheese Slices,36000,0,1,35900,750,False,750,360.0,359.0,1.0,359.0
Beverages,Suguna Sharp Egg,7200,13,3,6200,348,False,6,72.0,62.0,10.0,186.0
Beverages,Amul Cheese Sauce Mexican Salsa,7500,4,1,7200,200,False,200,75.0,72.0,3.0,72.0
Beverages,Nestle Everyday Dairy Whitener,21000,0,4,21000,400,False,400,210.0,210.0,0.0,840.0
Beverages,Amul Pizza Cheese Processed,10900,4,6,10400,200,False,200,109.0,104.0,5.0,624.0
Beverages,Betty Crocker Complete Pancake Mix Original,11000,4,6,10500,250,False,500,110.0,105.0,5.0,630.0
Beverages,Amul Lite Spread,4000,2,5,3900,100,False,100,40.0,39.0,1.0,195.0
Beverages,Go Cheese Slice - Plain,14000,5,6,13300,200,False,200,140.0,133.0,7.0,798.0
Beverages,Pillsbury Choco Chip Pancake Mix,9900,5,6,9400,165,False,165,99.0,94.0,5.0,564.0
Beverages,RRO Sour Cream,27500,50,4,13700,200,False,200,275.0,137.0,138.0,548.0
Beverages,D'lecta Natural Feta Cheese Block,10000,5,4,9500,100,False,100,100.0,95.0,5.0,380.0
Beverages,Amul Cheese - Pepper,8500,3,6,8200,200,False,200,85.0,82.0,3.0,492.0
Beverages,Nestle A+ Nourish Dahi,7000,2,6,6800,400,False,400,70.0,68.0,2.0,408.0
Beverages,Amul Processed Cheese Block,10600,0,6,10600,200,False,200,106.0,106.0,0.0,636.0
Beverages,Britannia Multigrain Bread,5500,0,4,5500,400,False,400,55.0,55.0,0.0,220.0
Beverages,Go Cheese  Spread Plain,9900,5,6,9400,200,False,200,99.0,94.0,5.0,564.0
Beverages,Epigamia Almond Milk Unsweetened Dairy Free,30000,33,4,19900,1000,False,1,300.0,199.0,101.0,796.0
Beverages,The Laughing Cow Cheese Slices,15500,0,2,15500,200,False,200,155.0,155.0,0.0,310.0
Beverages,The Whole Truth Dark Chocolate Peanut Butter - Creamy,23500,25,6,17400,325,False,325,235.0,174.0,61.0,1044.0
Beverages,Amul Unsalted Cooking Butter,24500,2,6,23800,500,False,500,245.0,238.0,7.0,1428.0
Beverages,Epigamia Greek Yogurt - Natural,20000,0,1,20000,400,False,400,200.0,200.0,0.0,200.0
Beverages,Mother Dairy Toned Milk Pouch,2500,0,4,2500,500,False,500,25.0,25.0,0.0,100.0
Beverages,Mother Dairy Classic Curd,3000,3,6,2900,400,False,400,30.0,29.0,1.0,174.0
Beverages,Mother Dairy Ultra Full Cream Milk,3100,0,4,3100,500,False,500,31.0,31.0,0.0,124.0
Beverages,Amul Butter - Pasteurised,5000,2,6,4900,100,False,100,50.0,49.0,1.0,294.0
Beverages,Britannia Sandwich White Bread,3300,0,4,3300,350,False,350,33.0,33.0,0.0,132.0
Beverages,iD Curd Pouch,3500,2,6,3400,400,False,400,35.0,34.0,1.0,204.0
Beverages,iD Idli & Dosa Batter,8000,15,6,6800,1000,False,1,80.0,68.0,12.0,408.0
Beverages,Britannia 100% Whole Wheat Bread,4500,0,4,4500,450,False,450,45.0,45.0,0.0,180.0
Beverages,Britannia Healthy Slice Sandwich Bread,4000,0,4,4000,450,False,450,40.0,40.0,0.0,160.0
Beverages,Gowardhan Classic Block Fresh Paneer,8900,8,6,8100,200,False,200,89.0,81.0,8.0,486.0
Beverages,Amul Processed Cheese Cubes,10600,4,6,10100,200,False,200,106.0,101.0,5.0,606.0
Beverages,Britannia Pav,2200,0,4,2200,250,False,250,22.0,22.0,0.0,88.0
Beverages,Amul Butter - Pasteurised,24500,2,6,24000,500,False,500,245.0,240.0,5.0,1440.0
Beverages,Arden Eggs White,9700,0,4,9700,696,False,12,97.0,97.0,0.0,388.0
Beverages,Arden Eggs White,6500,15,4,5500,348,False,6,65.0,55.0,10.0,220.0
Beverages,Nestle A+ Nourish Dahi,3500,2,6,3400,200,False,200,35.0,34.0,1.0,204.0
Beverages,Britannia Burger Bun with Sesame Seed,1500,0,4,1500,100,False,100,15.0,15.0,0.0,60.0
Beverages,Amul Frozen Malai Paneer,7500,2,6,7300,200,False,200,75.0,73.0,2.0,438.0
Beverages,iD Natural Paneer,10500,5,6,9900,200,False,200,105.0,99.0,6.0,594.0
Beverages,Britannia Fruit Bun,1700,0,3,1700,100,False,100,17.0,17.0,0.0,51.0
Beverages,Amul Cheese - Processed Slices,12200,1,6,12000,200,False,200,122.0,120.0,2.0,720.0
Beverages,iD Curd Cup,6000,0,6,6000,400,False,400,60.0,60.0,0.0,360.0
Beverages,The Bake Shop Premium White Sandwich Bread,3000,0,1,3000,400,False,400,30.0,30.0,0.0,30.0
Beverages,Suguna Nourish Egg,7200,16,0,6000,348,True,6,72.0,60.0,12.0,0.0
Beverages,RRO Mozzarella Block Cheese,29500,50,0,14700,200,True,200,295.0,147.0,148.0,0.0
Beverages,Go Cheese Processed Angles Plain,10000,5,6,9500,160,False,160,100.0,95.0,5.0,570.0
Biscuits,Britannia Nutri Choice Cracker Sugar Free Biscuit,3500,0,0,3500,300,True,300,35.0,35.0,0.0,0.0
Biscuits,Bauli Moonfils Strawberry,1500,0,5,1500,45,False,45,15.0,15.0,0.0,75.0
Biscuits,Britannia Good Day Butter Cookies,8000,10,6,7200,600,False,600,80.0,72.0,8.0,432.0
Biscuits,Parle Hide & Seek Choco Rolls,6000,0,1,6000,120,False,120,60.0,60.0,0.0,60.0
Biscuits,The Bake Shop Jeera Ajwain Bread Sticks,6000,6,6,5600,100,False,100,60.0,56.0,4.0,336.0
Biscuits,Parle Fab!o Vanilla Creme Sandwich Biscuit,3000,3,6,2900,120,False,120,30.0,29.0,1.0,174.0
Biscuits,Sunfeast Farmlite Nuts Digestive,7000,11,6,6200,250,False,250,70.0,62.0,8.0,372.0
Biscuits,McVitie's Butter Cookies,3000,10,6,2700,200,False,200,30.0,27.0,3.0,162.0
Biscuits,Britannia Pure Magic - Chocolush,3500,2,6,3400,100,False,100,35.0,34.0,1.0,204.0
Biscuits,Britannia Nutri Choice Ragi Cookies,7000,10,6,6300,150,False,150,70.0,63.0,7.0,378.0
Biscuits,Dukes Nibbles - Ranch Crackers,5000,0,6,5000,150,False,150,50.0,50.0,0.0,300.0
Biscuits,Danish Butter Cookies,35000,0,1,35000,400,False,400,350.0,350.0,0.0,350.0
Biscuits,The Bake Shop Sesame Seed Crackers,13000,10,4,11600,100,False,150,130.0,116.0,14.0,464.0
Biscuits,Good Day Butter Cookies,1000,0,0,1000,75,True,75,10.0,10.0,0.0,0.0
Biscuits,Britannia Marie Gold Biscuits Packet,3000,0,0,3000,250,True,250,30.0,30.0,0.0,0.0
Biscuits,The Bake Shop Maska & Multigrain Cheese Crackers,13000,10,3,11600,100,False,150,130.0,116.0,14.0,348.0
Biscuits,Britannia Good Day Cashew Cookies,2000,0,0,2000,100,True,100,20.0,20.0,0.0,0.0
Biscuits,Britannia Tiger Krunch Biscuits,12000,0,4,12000,400,False,400,120.0,120.0,0.0,480.0
Biscuits,The Bake Shop Whole Wheat Multigrain Lavash,7500,6,3,7000,100,False,200,75.0,70.0,5.0,210.0
Biscuits,Britannia Good Day Cashew Cookies Pack Of 6,12000,10,6,10800,120,False,120,120.0,108.0,12.0,648.0
Biscuits,Parle Fab Bourbon,3000,0,3,3000,150,False,150,30.0,30.0,0.0,90.0
Biscuits,Open Secret White Choco Tiffin Pack,3500,22,1,2700,25,False,25,35.0,27.0,8.0,27.0
Biscuits,The Bake Shop Whole Wheat Bread Sticks,6000,6,1,5600,100,False,100,60.0,56.0,4.0,56.0
Biscuits,Unibic Assorted Cookies,14900,8,6,13700,450,False,450,149.0,137.0,12.0,822.0
Biscuits,The Bake Shop Milk & Raisin Toast (Rusk),6000,6,4,5600,200,False,200,60.0,56.0,4.0,224.0
Biscuits,McVitie's Oat Cookies,4500,0,2,4500,120,False,120,45.0,45.0,0.0,90.0
Biscuits,Lotte Choco Pie Cocoa Pie,9000,10,6,8100,168,False,168,90.0,81.0,9.0,486.0
Biscuits,The Bake Shop Masala Lavash,7500,6,6,7000,100,False,200,75.0,70.0,5.0,420.0
Biscuits,Britannia Good Day Nut Cookies,3000,0,6,3000,120,False,120,30.0,30.0,0.0,180.0
Biscuits,Sunfeast Mom's Magic Rich Butter Cookies,3000,10,6,2700,200,False,200,30.0,27.0,3.0,162.0
Biscuits,The Bake Shop Whole Wheat Toast (Rusk),6000,6,4,5600,200,False,200,60.0,56.0,4.0,224.0
Biscuits,Open Secret Peanut Butter Story Box,10500,22,6,8100,75,False,75,105.0,81.0,24.0,486.0
Biscuits,Open Secret White Choco Story Box,10500,22,6,8100,75,False,75,105.0,81.0,24.0,486.0
Biscuits,Bauli Moonfils Veg - Strawberry,1500,0,5,1500,45,False,47,15.0,15.0,0.0,75.0
Biscuits,Sunfeast Dark Fantasy Choco Fills,3500,8,0,3200,75,True,75,35.0,32.0,3.0,0.0
Biscuits,Britannia Nutri Choice Digestive Biscuits Packet,2500,0,0,2500,100,True,100,25.0,25.0,0.0,0.0
Biscuits,Britannia Classic Little Hearts,2500,0,0,2500,75,True,75,25.0,25.0,0.0,0.0
Biscuits,Britannia Nutri Choice Oats Choco Almond Biscuit,2500,10,0,2250,100,True,75,25.0,22.5,2.5,0.0
Biscuits,Cadbury Oreo Chocolatey Sandwich Biscuits Family Pack,8000,0,0,8000,300,True,300,80.0,80.0,0.0,0.0
Biscuits,Bauli Moonfils Orange Puff Roll,1500,0,0,1500,45,True,45,15.0,15.0,0.0,0.0
Biscuits,Britannia Treat Jimjam Cream Biscuits,2500,0,0,2500,100,True,100,25.0,25.0,0.0,0.0
Biscuits,Britannia Toastea Premium Bake Rusk,5000,6,0,4700,300,True,300,50.0,47.0,3.0,0.0
Biscuits,The Bake Shop Jeera Khari,6500,0,0,6500,200,True,200,65.0,65.0,0.0,0.0
Biscuits,Bauli Moonfils Choco Cream (With Egg),1500,0,0,1500,45,True,45,15.0,15.0,0.0,0.0
Biscuits,"Cadbury Oreo Creme Biscuit - Vanilla, Original 120 g",3000,3,0,2900,120,True,120,30.0,29.0,1.0,0.0
Biscuits,Bauli Moonfils - Vanilla,1500,0,0,1500,45,True,45,15.0,15.0,0.0,0.0
Biscuits,Britannia Roll Yo! Choco Swiss Roll (With Egg),1000,0,0,1000,28,True,28,10.0,10.0,0.0,0.0
Biscuits,Britannia Milk Bikis Cream Biscuit,7000,0,0,7000,500,True,500,70.0,70.0,0.0,0.0
Biscuits,Open Secret Choco Almond Story Box,10500,22,0,8100,75,True,75,105.0,81.0,24.0,0.0
Biscuits,Parle Monaco Sixer Salted Biscuits,6000,10,0,5400,200,True,200,60.0,54.0,6.0,0.0
Biscuits,Sunfeast Dark Fantasy Bourbon Bliss,3500,17,0,2900,150,True,150,35.0,29.0,6.0,0.0
Biscuits,Britannia Good Day Cashew Cookies,23000,25,0,17200,1000,True,1,230.0,172.0,58.0,0.0
Biscuits,Britannia Roll Yo! Strawberry Swiss Roll,1000,0,0,1000,28,True,28,10.0,10.0,0.0,0.0
Biscuits,Sunfeast Mom's Magic Cashew & Almond Biscuit,1000,0,0,1000,60,True,60,10.0,10.0,0.0,0.0
Biscuits,Cadbury Oreo Strawberry Bicuits,3000,3,0,2900,120,True,120,30.0,29.0,1.0,0.0
Biscuits,Britannia Good Day Cashew Cookies Packet,4000,5,0,3800,200,True,200,40.0,38.0,2.0,0.0
Biscuits,Britannia Nice Time Biscuit,2500,0,0,2500,150,True,150,25.0,25.0,0.0,0.0
Biscuits,Britannia Milk Bikis Cream Biscuit,4500,0,0,4500,200,True,200,45.0,45.0,0.0,0.0
Biscuits,Britannia Bourbon Chocolate Cream Biscuits,3500,2,0,3400,150,True,150,35.0,34.0,1.0,0.0
Biscuits,Dukes Waffy Chocolate Wafer Rolls,15000,50,0,7500,250,True,250,150.0,75.0,75.0,0.0
Biscuits,Britannia Milk Bikis Milky Sandwich,2500,0,0,2500,120,True,120,25.0,25.0,0.0,0.0
Biscuits,Britannia Marie Gold Biscuit,2800,0,0,2800,200,True,200,28.0,28.0,0.0,0.0
Biscuits,Britannia Marie Gold (Buy 4 Get 1 Free),8000,0,0,8000,600,True,600,80.0,80.0,0.0,0.0
Biscuits,Britannia 50-50 Maska Chaska Biscuit,1000,0,0,1000,46,True,45,10.0,10.0,0.0,0.0
Biscuits,Unibic Choco Nut Cookies,2500,8,0,2300,75,True,75,25.0,23.0,2.0,0.0
Biscuits,Britannia Vita Marie Gold Biscuit,4500,0,0,4500,300,True,300,45.0,45.0,0.0,0.0
Biscuits,The Bake Shop Maska Khari,6500,6,0,6100,200,True,100,65.0,61.0,4.0,0.0
Biscuits,Parle Fab! Jam-In Cream Filled,3500,2,0,3400,150,True,150,35.0,34.0,1.0,0.0
Biscuits,Sunfeast Nice Biscuit,2500,12,0,2200,150,True,150,25.0,22.0,3.0,0.0
Biscuits,Britannia Nutrichoice 5 Grain Digestive Biscuits,7500,0,0,7500,200,True,200,75.0,75.0,0.0,0.0
Biscuits,Orion Choco Pie - Chocolate Coated Soft Biscuit,15000,25,2,11200,336,False,336,150.0,112.0,38.0,224.0
Biscuits,Unibic Oatmeal Digestive Cookies,5000,6,6,4700,150,False,150,50.0,47.0,3.0,282.0
Biscuits,Bauli Moonfills Pack of 4,6000,10,6,5400,180,False,190,60.0,54.0,6.0,324.0
Biscuits,Britannia Treat Creme Wafers - Orange,4500,11,6,4000,60,False,60,45.0,40.0,5.0,240.0
Biscuits,Britannnia 50-50 Sweet & Salty Biscuit,2500,0,4,2500,200,False,200,25.0,25.0,0.0,100.0
Biscuits,Britannia Good Day Chunky Cookies,5000,15,6,4250,120,False,120,50.0,42.5,7.5,255.0
Biscuits,Sunfeast Marie Light,2300,13,1,2000,200,False,200,23.0,20.0,3.0,20.0
Biscuits,Britannia Bourbon Biscuit Buy 4 Get 1 Free,8000,10,2,7200,500,False,500,80.0,72.0,8.0,144.0
Biscuits,The Bake Shop Whole Wheat Oats Khari,6500,6,5,6100,200,False,200,65.0,61.0,4.0,305.0
Biscuits,Britannia Nutri Choice Oats Milk Almond Biscuit,2500,10,6,2250,75,False,75,25.0,22.5,2.5,135.0
Biscuits,Britannia 50-50 Maska Chaska Biscuit,7500,10,6,6750,300,False,300,75.0,67.5,7.5,405.0
Biscuits,Sunfeast Dark Fantasy Choco Creme,8000,27,4,5800,300,False,300,80.0,58.0,22.0,232.0
Biscuits,Sunfeast Mom's Magic Cashew & Almond Cookies Packet,3000,10,3,2700,200,False,200,30.0,27.0,3.0,81.0
Biscuits,Unibic SugarFree - Oatmeal Cookies,5000,16,3,4200,75,False,75,50.0,42.0,8.0,126.0
Biscuits,Parle Hide & Seek Cookies With Added Almonds,3000,3,1,2900,100,False,100,30.0,29.0,1.0,29.0
Biscuits,Unibic Fruit & Nut Cookies,2500,8,3,2300,67,False,67,25.0,23.0,2.0,69.0
Biscuits,Sunfeast Yumfills Whoopie Pie,14000,25,5,10500,253,False,276,140.0,105.0,35.0,525.0
Biscuits,Britannia Toastea Premium Bake Rusk,11000,14,1,9400,700,False,700,110.0,94.0,16.0,94.0
Biscuits,Lotte Choco Pie Chocolate Cake,2500,0,6,2500,56,False,56,25.0,25.0,0.0,150.0
Biscuits,Sunfeast Dark Fantasy Choco Fills Cookies Packet,15000,15,3,12700,300,False,300,150.0,127.0,23.0,381.0
Biscuits,Bauli Moonfils Choco Veg Puff Roll,1500,0,2,1500,45,False,45,15.0,15.0,0.0,30.0
Biscuits,Lotte Choco Pie,8000,10,3,7200,168,False,168,80.0,72.0,8.0,216.0
Biscuits,Britannia Good Day Cashew Cookies,1000,0,6,1000,60,False,58,10.0,10.0,0.0,60.0
Biscuits,Britannia 50-50 Maska Chaska Biscuits,3200,3,6,3100,120,False,120,32.0,31.0,1.0,186.0
Biscuits,Dukes Waffy Chocolate Wafers,4500,51,4,2200,60,False,75,45.0,22.0,23.0,88.0
Biscuits,Britannia Nutri Choice Digestive Biscuit,4500,0,1,4500,200,False,150,45.0,45.0,0.0,45.0
Biscuits,Britannia Goodday Chocochip Cookies,12000,17,5,9900,400,False,400,120.0,99.0,21.0,495.0
Biscuits,Britannia Good Day Pista Badam,4500,2,1,4400,200,False,200,45.0,44.0,1.0,44.0
Biscuits,Cadbury Chocobakes Chocolate Filled Cookies,3000,0,5,3000,75,False,75,30.0,30.0,0.0,150.0
Biscuits,Dukes Waffy Strawberry Roll,15000,50,3,7500,250,False,250,150.0,75.0,75.0,225.0
Biscuits,Parle Monaco Classic Salty Biscuits,7000,0,4,7000,400,False,400,70.0,70.0,0.0,280.0
Biscuits,Dukes Waffy Orange Wafers,4500,51,5,2200,60,False,75,45.0,22.0,23.0,110.0
Biscuits,Britannia Good Day Pista Badam,2000,0,6,2000,100,False,100,20.0,20.0,0.0,120.0
Biscuits,Britannia Milk Bikis Biscuits Packet,2000,0,3,2000,200,False,200,20.0,20.0,0.0,60.0
Biscuits,Britannia Toastea (Premium Bake Rusk),6500,0,6,6500,400,False,400,65.0,65.0,0.0,390.0
Biscuits,Dukes Waffy Strawberry Wafers,4500,51,2,2200,60,False,75,45.0,22.0,23.0,44.0
Biscuits,Britannia Toastea Premium Bake Rusk,3500,0,3,3500,182,False,182,35.0,35.0,0.0,105.0
Biscuits,McVitie's Marie biscuits with Goodness of Calcium,3000,0,6,3000,250,False,250,30.0,30.0,0.0,180.0
Biscuits,Patanjali Atta Doodh Rusk,4000,0,0,4000,300,True,300,40.0,40.0,0.0,0.0
Biscuits,Britannia Treat Croissant Vanilla Creme Roll,2000,10,2,1800,47,False,47,20.0,18.0,2.0,36.0
Biscuits,Britannia Good Day Choco Chip Cookies,3000,3,6,2900,100,False,100,30.0,29.0,1.0,174.0
Biscuits,Open Secret Choco Almond Tiffin Pack,3500,22,3,2700,25,False,25,35.0,27.0,8.0,81.0
Biscuits,Lotte Choco Pie,15000,20,6,12000,696,False,12,150.0,120.0,30.0,720.0
Biscuits,Baker Street Suji Rusk Large Pack,3000,10,6,2700,200,False,200,30.0,27.0,3.0,162.0
Biscuits,Parle Hide & Seek Choco Rolls,3000,0,1,3000,75,False,75,30.0,30.0,0.0,30.0
Biscuits,Sunfeast Dark Fantasy Vanilla Creme,8000,15,6,6800,300,False,300,80.0,68.0,12.0,408.0
Biscuits,Britannia Treat Burst Choco Creme Fills,3000,0,3,3000,120,False,120,30.0,30.0,0.0,90.0
Biscuits,Britannia Treat Jimjam Family Pack (Buy 4 Get 1 Free),10000,0,6,10000,500,False,500,100.0,100.0,0.0,600.0
Biscuits,Parle Milano Mixed Berries Cookies,3500,2,3,3400,75,False,75,35.0,34.0,1.0,102.0
Biscuits,Britannia Pure Magic Choco Lush Cookies,12000,20,4,9600,300,False,300,120.0,96.0,24.0,384.0
Biscuits,Britannia Treart Creme Wafers Chocolate,4500,11,6,4000,60,False,1,45.0,40.0,5.0,240.0
Biscuits,Unibic Daily Digestive (Multigrain Cookies),3000,6,6,2800,75,False,75,30.0,28.0,2.0,168.0
Biscuits,Cadbury Chocobakes Choc Filled Cookies,6000,0,6,6000,150,False,150,60.0,60.0,0.0,360.0
Biscuits,The Bake Shop Whole Wheat Multigrain Toast (Rusk),6000,6,2,5600,200,False,200,60.0,56.0,4.0,112.0
Biscuits,Unibic Choco Kiss Cookies,4500,15,5,3800,75,False,75,45.0,38.0,7.0,190.0
Biscuits,Karachi Bakery Cashew Biscuits,21000,5,4,19900,400,False,400,210.0,199.0,11.0,796.0
Biscuits,The Bake Shop Methi Khari Simply Delicious,6500,6,2,6100,200,False,200,65.0,61.0,4.0,122.0
Biscuits,"Unibic Snack Bar - Multigrain, Choco",4000,17,6,3300,30,False,30,40.0,33.0,7.0,198.0
Biscuits,Parle Monaco Jeffs Zeera Biscuit,6000,10,4,5400,200,False,200,60.0,54.0,6.0,216.0
Biscuits,The Bake Shop Masala Cheese Crackers,9500,6,3,8900,100,False,100,95.0,89.0,6.0,267.0
Biscuits,Britannia Pure Magic Vanilla Creme Biscuit,3500,17,4,2900,100,False,100,35.0,29.0,6.0,116.0
Biscuits,Open Secret Assorted Story Box,10500,22,4,8100,75,False,75,105.0,81.0,24.0,324.0
Biscuits,Cadbury Oreo Dipped Biscuit,7000,10,1,6300,150,False,150,70.0,63.0,7.0,63.0
Biscuits,Sunfeast Farmlite Oats & Almonds Biscuits Packet,6000,10,3,5400,150,False,150,60.0,54.0,6.0,162.0
Biscuits,Unibic SugarFree - Butter Cookies,5000,16,6,4200,75,False,75,50.0,42.0,8.0,252.0
Biscuits,Britannia Good Day Cashew Cookies Packet,12000,12,6,10560,600,False,600,120.0,105.6,14.400000000000006,633.5999999999999
Biscuits,Dukes Sour & Cream Onion Nibbles Baked,5500,25,3,4100,150,False,150,55.0,41.0,14.0,123.0
Biscuits,Britannia Treat Croissant Vanilla Creme Roll,2000,0,6,2000,47,False,47,20.0,20.0,0.0,120.0
Biscuits,Parle Hide & Seek Choco Rolls,5000,2,4,4900,120,False,120,50.0,49.0,1.0,196.0
Biscuits,Britannia Treat Creme Wafers - Vanilla,4500,11,6,4000,60,False,1,45.0,40.0,5.0,240.0
Biscuits,Parle Rusk Elaichi,4800,2,6,4700,300,False,300,48.0,47.0,1.0,282.0
Biscuits,Lotte Choco Pie,14000,6,2,13100,336,False,336,140.0,131.0,9.0,262.0
Biscuits,Sunfeast Mom's Magic Cashew & Almond Biscuits,12000,15,6,10200,600,False,600,120.0,102.0,18.0,612.0
Biscuits,Unibic Cashew Cookies,2500,8,6,2300,75,False,75,25.0,23.0,2.0,138.0
Biscuits,Unibic Honey Oatmeal Cookies,2500,8,6,2300,75,False,75,25.0,23.0,2.0,138.0
Biscuits,Sunfeast Dark Fantasy Bourbon Bliss,3500,0,0,3500,150,True,150,35.0,35.0,0.0,0.0
Biscuits,Sunfeast Farmlite 5 Seed Digestive,6000,0,2,6000,250,False,250,60.0,60.0,0.0,120.0
Chocolates & Candies,Pantai Sriracha Yellow Chilli Sauce,22500,15,6,19100,200,False,200,225.0,191.0,34.0,1146.0
Chocolates & Candies,Pedigree Dog Food Adult Meat & Rice,66000,7,2,60800,3000,False,3,660.0,608.0,52.0,1216.0
Chocolates & Candies,Moi Soi Manchurian Sauce - For Stir Fry Marinade Spread & Dip,28000,50,6,14000,175,False,175,280.0,140.0,140.0,840.0
Chocolates & Candies,Sundrop Cocoa Nut Hazelnut Chocolatey Spread,12000,0,6,12000,160,False,160,120.0,120.0,0.0,720.0
Chocolates & Candies,MTR Paneer Butter Masala & Veg Pulao,17500,9,4,15800,375,False,375,175.0,158.0,17.0,632.0
Chocolates & Candies,Bagrrys Fruit N Fibre Muesli Mixed Fruit,33000,0,6,33000,500,False,500,330.0,330.0,0.0,1980.0
Chocolates & Candies,Remia Salad Caesar Dressing,25000,0,6,25000,250,False,250,250.0,250.0,0.0,1500.0
Chocolates & Candies,Nestlé CERELAC Baby Cereal with Milk,27200,0,1,27200,300,False,300,272.0,272.0,0.0,272.0
Chocolates & Candies,Weikfield Tomato Salsa Instant Pasta,2500,0,1,2500,77,False,77,25.0,25.0,0.0,25.0
Chocolates & Candies,MTR Ready to Eat Pav Bhaji,11000,0,6,11000,300,False,300,110.0,110.0,0.0,660.0
Chocolates & Candies,Pantai Sriracha Green Chilli Sauce,22500,15,6,19100,200,False,200,225.0,191.0,34.0,1146.0
Chocolates & Candies,MTR Dal Makhani,11000,0,4,11000,300,False,300,110.0,110.0,0.0,440.0
Chocolates & Candies,Remia Salad Italian Dressing,23000,0,6,23000,250,False,250,230.0,230.0,0.0,1380.0
Chocolates & Candies,Ching's Secret Manchurian Instant Noodle,11400,0,6,11400,480,False,480,114.0,114.0,0.0,684.0
Chocolates & Candies,Cantina Beans Mexican Beans,25000,14,6,21300,410,False,410,250.0,213.0,37.0,1278.0
Chocolates & Candies,Pantai Fish Sauce,27500,14,6,23400,200,False,200,275.0,234.0,41.0,1404.0
Chocolates & Candies,MTR Dal Fry,11000,0,5,11000,300,False,300,110.0,110.0,0.0,550.0
Chocolates & Candies,Pantai Green Curry Paste,6000,6,6,5600,50,False,50,60.0,56.0,4.0,336.0
Chocolates & Candies,Kitchens of India Mutter Paneer Mix,12000,30,4,8400,285,False,285,120.0,84.0,36.0,336.0
Chocolates & Candies,Del Monte Red Chili Sauce,5500,0,5,5500,190,False,190,55.0,55.0,0.0,275.0
Chocolates & Candies,Yummiez Veg Cheese Fingers Pouch,23000,0,4,23000,400,False,400,230.0,230.0,0.0,920.0
Chocolates & Candies,MTR Ready To Eat Palak Paneer,13500,11,6,12000,300,False,300,135.0,120.0,15.0,720.0
Chocolates & Candies,Pantai Chilli Garlic Sauce,27500,14,6,23400,200,False,200,275.0,234.0,41.0,1404.0
Chocolates & Candies,Maggi Magic Cubes Chicken,4000,2,0,3900,40,True,40,40.0,39.0,1.0,0.0
Chocolates & Candies,Mother's Recipe Ginger And Garlic Paste,5000,24,0,3800,200,True,200,50.0,38.0,12.0,0.0
Chocolates & Candies,Lijjat Urad Papad,6000,5,0,5700,200,True,200,60.0,57.0,3.0,0.0
Chocolates & Candies,Kissan Mixed Fruit Jam,15500,0,0,15500,500,True,500,155.0,155.0,0.0,0.0
Chocolates & Candies,Kellogg's Chocos Combo Pack,6000,6,0,5600,156,True,156,60.0,56.0,4.0,0.0
Chocolates & Candies,"Kurkure Green Chutney, Rajasthani Style",2000,0,0,2000,90,True,90,20.0,20.0,0.0,0.0
Chocolates & Candies,Maggi 2-Minute Instant Noodles - Masala,4400,0,0,4400,280,True,280,44.0,44.0,0.0,0.0
Chocolates & Candies,MTR Roasted Vermicelli,10500,0,4,10500,850,False,850,105.0,105.0,0.0,420.0
Chocolates & Candies,Pantai Dark Soy Sauce,27500,14,6,23400,200,False,200,275.0,234.0,41.0,1404.0
Chocolates & Candies,Bagrry's Fruit Fibre Muesli Mixed Fruit,59500,0,5,59500,1000,False,1,595.0,595.0,0.0,2975.0
Chocolates & Candies,Pantai Hot Chilli Sauce,27500,14,6,23400,200,False,200,275.0,234.0,41.0,1404.0
Chocolates & Candies,Godrej Yummiez Cheese Corn Nuggets,23000,0,4,23000,400,False,400,230.0,230.0,0.0,920.0
Chocolates & Candies,Chings Secret Hot Garlic Instant Noodles,9100,0,6,9100,60,False,60,91.0,91.0,0.0,546.0
Chocolates & Candies,Pediasure Premium Chocolate Powdered Health Drink,61000,0,2,61000,400,False,400,610.0,610.0,0.0,1220.0
Chocolates & Candies,Yummiez Chicken Garlic Fingers Pouch,25000,0,5,25000,400,False,400,250.0,250.0,0.0,1250.0
Chocolates & Candies,Ching's Secret Schezwan Instant Noodle,11400,0,6,11400,480,False,480,114.0,114.0,0.0,684.0
Chocolates & Candies,Pantai Sweet Chilli Sauce,27500,14,6,23400,200,False,200,275.0,234.0,41.0,1404.0
Chocolates & Candies,Pantai Pad Thai Sauce (Non-Veg),32500,9,5,29300,200,False,200,325.0,293.0,32.0,1465.0
Chocolates & Candies,Cantina Tabasco Green Sauce,14000,15,6,11900,60,False,60,140.0,119.0,21.0,714.0
Chocolates & Candies,Knorr International Mexican Tomato Corn Soup,6500,6,3,6100,52,False,52,65.0,61.0,4.0,183.0
Chocolates & Candies,Bagrrys Corn Flakes,35000,0,6,35000,880,False,800,350.0,350.0,0.0,2100.0
Chocolates & Candies,MTR Vermicelli Payasam,7500,0,6,7500,180,False,180,75.0,75.0,0.0,450.0
Chocolates & Candies,Pantai Spring Roll Sauce,27500,10,6,24500,200,False,200,275.0,245.0,30.0,1470.0
Chocolates & Candies,Aashirvaad Suji Halwa With Jaggery,7500,0,6,7500,70,False,70,75.0,75.0,0.0,450.0
Chocolates & Candies,Ching's Secret  Pad Thai Noodles Green Curry,20000,0,6,20000,130,False,130,200.0,200.0,0.0,1200.0
Chocolates & Candies,The Whole Truth - 5 Grain Muesli No Added Sugar,32500,20,6,26000,350,False,350,325.0,260.0,65.0,1560.0
Chocolates & Candies,Nestle Cerelac 5 Grains & Fruits Cereal,28800,0,6,28800,300,False,300,288.0,288.0,0.0,1728.0
Chocolates & Candies,Kitchens Of India Murgh Methi,22000,30,5,15400,285,False,285,220.0,154.0,66.0,770.0
Chocolates & Candies,Del Monte Black Sliced Olives,25000,0,1,25000,450,False,450,250.0,250.0,0.0,250.0
Chocolates & Candies,Aashirvaad Instant Meals - Khatta Meetha Pohaa With Millets,5500,30,5,3800,80,False,80,55.0,38.0,17.0,190.0
Chocolates & Candies,Ching's Secret Noodles - Pad Thai Original,20000,0,6,20000,130,False,130,200.0,200.0,0.0,1200.0
Chocolates & Candies,Ching's Instant Hot and Sour Soup,5500,0,5,5500,55,False,55,55.0,55.0,0.0,275.0
Chocolates & Candies,Ching's Secret Pad Thai Noodles - Extra Hot Thai Chilli,20000,0,6,20000,130,False,130,200.0,200.0,0.0,1200.0
Chocolates & Candies,Ching's Secret Red Chilli Sauce,10500,0,4,10500,440,False,440,105.0,105.0,0.0,420.0
Chocolates & Candies,Moi Soi  Black Bean Sauce - Dip Spread Stir Fry & Marinade,28000,50,5,14000,175,False,175,280.0,140.0,140.0,700.0
Chocolates & Candies,Kellogg's Special K Original Corn Flakes,14000,5,1,13300,290,False,290,140.0,133.0,7.0,133.0
Chocolates & Candies,Ching's Secret Tomato Oats Instant Soup,1500,0,3,1500,20,False,20,15.0,15.0,0.0,45.0
Chocolates & Candies,Bagrrys Fruit N Fibre Muesli - Strawberry,59500,0,1,59500,1000,False,1,595.0,595.0,0.0,595.0
Chocolates & Candies,Ching's Secret Green Chilli Sauce,10500,0,6,10500,425,False,425,105.0,105.0,0.0,630.0
Chocolates & Candies,Remia Mayonnaise,23000,0,6,23000,241,False,241,230.0,230.0,0.0,1380.0
Chocolates & Candies,Kitchens of India Dal Bukhara Gravy Mix,11000,30,6,7700,285,False,285,110.0,77.0,33.0,462.0
Chocolates & Candies,Kellogg's Muesli Nuts Delight,42500,9,3,38300,750,False,750,425.0,383.0,42.0,1149.0
Chocolates & Candies,Tong Garden Wasabi Green Peas,17500,4,6,16700,150,False,150,175.0,167.0,8.0,1002.0
Chocolates & Candies,Kellogg's Special K Original Corn Flakes,39900,11,6,35500,900,False,900,399.0,355.0,44.0,2130.0
Chocolates & Candies,Knorr Sweet Corn Chicken Soup,5500,0,2,5500,42,False,42,55.0,55.0,0.0,110.0
Chocolates & Candies,Ching's Secret Tomato Soup,5500,0,6,5500,55,False,55,55.0,55.0,0.0,330.0
Chocolates & Candies,Ching's Secret Just Soak - Whole Wheat Veg Hakka Noodles,12300,0,6,12300,600,False,600,123.0,123.0,0.0,738.0
Chocolates & Candies,Praakritik Organic Jumbo Rolled Oats,19000,11,6,16900,500,False,500,190.0,169.0,21.0,1014.0
Chocolates & Candies,Veeba Peri Peri Sauce,16100,0,6,16100,300,False,300,161.0,161.0,0.0,966.0
Chocolates & Candies,Pedigree Meat Jerky Adult Dog Treat Barbecued Chicken,14000,20,6,11200,80,False,80,140.0,112.0,28.0,672.0
Chocolates & Candies,Mother's Recipe Tamarind Paste,5000,2,2,4900,200,False,200,50.0,49.0,1.0,98.0
Chocolates & Candies,Nestle Cerelac Baby Cereal with Milk 5 Grains & Vegetables from 18 to 24 Month,27900,0,5,27900,300,False,300,279.0,279.0,0.0,1395.0
Chocolates & Candies,Mother's Recipe Pickle - Mixed,14900,26,6,10900,500,False,500,149.0,109.0,40.0,654.0
Chocolates & Candies,Cantina Tabasco Red Sauce,14000,15,6,11900,60,False,60,140.0,119.0,21.0,714.0
Chocolates & Candies,Figaro Pitted Black Olive,17900,0,6,17900,450,False,450,179.0,179.0,0.0,1074.0
Chocolates & Candies,Kitchen Of India Ready-To-Eat Pindi Channa,11000,30,2,7700,285,False,285,110.0,77.0,33.0,154.0
Chocolates & Candies,Kitchens Of India Rajma Masala,11000,30,5,7700,285,False,285,110.0,77.0,33.0,385.0
Chocolates & Candies,Pedigree Puppy Dry Dog Food Food Chicken & Milk,69000,6,2,64800,3000,False,3,690.0,648.0,42.0,1296.0
Chocolates & Candies,Kellogg's Original Corn Flakes,18500,5,6,17500,475,False,475,185.0,175.0,10.0,1050.0
Chocolates & Candies,Pedigree Dog Food Adult Chicken & Veg,66000,10,1,59400,3000,False,3,660.0,594.0,66.0,594.0
Chocolates & Candies,Del Monte Green Chili Sauce,5500,0,3,5500,190,False,190,55.0,55.0,0.0,165.0
Chocolates & Candies,Aashirvaad Suji Halwa With Jaggery,5500,30,6,3800,80,False,80,55.0,38.0,17.0,228.0
Chocolates & Candies,Kitchens Of India Dal Makhani,11000,30,1,7700,285,False,285,110.0,77.0,33.0,77.0
Chocolates & Candies,Dabur Hommade - Kalonji Tamatar Ki Chutney,6500,6,6,6100,200,False,200,65.0,61.0,4.0,366.0
Chocolates & Candies,Kelloggs Muesli - With 22% Fruit Magic,32000,10,5,28800,500,False,500,320.0,288.0,32.0,1440.0
Chocolates & Candies,Japanese Choice Udon Noodles,29500,9,6,26600,250,False,250,295.0,266.0,29.0,1596.0
Chocolates & Candies,Pedigree Puppy Chicken Chunks in Gravy,3500,2,0,3400,70,True,70,35.0,34.0,1.0,0.0
Chocolates & Candies,Ching's Chow Mein Hakka Noodles Masala,1000,0,0,1000,20,True,20,10.0,10.0,0.0,0.0
Chocolates & Candies,Safal Frozen Mixed Vegetables,6000,5,0,5700,500,True,500,60.0,57.0,3.0,0.0
Chocolates & Candies,The Whole Truth Double Cocoa Mini Protein Bar No Sugar,5500,20,5,4400,27,False,27,55.0,44.0,11.0,220.0
Chocolates & Candies,Sunfeast Yippee Tricolor Pasta Seasoning,2800,17,1,2300,65,False,65,28.0,23.0,5.0,23.0
Chocolates & Candies,Wingreens Cheesy Chipotle Sauce,9900,49,1,5000,130,False,130,99.0,50.0,49.0,50.0
Chocolates & Candies,Maggi Rich Tomato Ketchup,10500,4,2,10000,500,False,500,105.0,100.0,5.0,200.0
Chocolates & Candies,Godrej Yummiez Chicken Nuggets,32500,9,1,29300,500,False,500,325.0,293.0,32.0,293.0
Chocolates & Candies,Kellogg's Real Almond & Honey Corn Flakes,17500,9,6,15800,300,False,300,175.0,158.0,17.0,948.0
Chocolates & Candies,The Whole Truth Vegan Almond Choco Fudge Energy Bar No Sugar,6000,20,6,4800,40,False,40,60.0,48.0,12.0,288.0
Chocolates & Candies,"New Kellogg's Muesli with 21% Fruit, Nut & Seeds",32500,6,6,30500,500,False,500,325.0,305.0,20.0,1830.0
Chocolates & Candies,Prasuma Vegetable Momos,27000,0,5,27000,24,False,24,270.0,270.0,0.0,1350.0
Chocolates & Candies,Ching's Schezwan Masala Instant Noodles,6000,0,1,6000,240,False,240,60.0,60.0,0.0,60.0
Chocolates & Candies,Maggi 2 Minute Masala Noodles,1200,0,6,1200,70,False,70,12.0,12.0,0.0,72.0
Chocolates & Candies,Veeba Sweet Onion Sauce,14100,14,4,12100,350,False,350,141.0,121.0,20.0,484.0
Chocolates & Candies,Sunfeast YiPPee! Magic Masala Noodles,7000,10,3,6300,405,False,405,70.0,63.0,7.0,189.0
Chocolates & Candies,Yoga Bar Breakfast Muesli - Chocolate & Cranberry,32500,4,6,30900,400,False,400,325.0,309.0,16.0,1854.0
Chocolates & Candies,The Whole Truth Peanut Cocoa Protein Bar No Sugar,10000,26,6,7400,52,False,52,100.0,74.0,26.0,444.0
Chocolates & Candies,Sunfeast Yippee! Pasta Treat - Sour Cream Onion,2800,17,3,2300,65,False,65,28.0,23.0,5.0,69.0
Chocolates & Candies,Mother's Recipe Mixed Pickle,8500,9,2,7700,300,False,300,85.0,77.0,8.0,154.0
Chocolates & Candies,Prasuma Vegetable Momos,15000,0,5,15000,580,False,10,150.0,150.0,0.0,750.0
Chocolates & Candies,MTR Upma,5000,10,6,4500,160,False,160,50.0,45.0,5.0,270.0
Chocolates & Candies,Switz Paratha Puff,11000,4,6,10500,400,False,400,110.0,105.0,5.0,630.0
Chocolates & Candies,Veeba Pizza Topping,7500,6,4,7000,280,False,280,75.0,70.0,5.0,280.0
Chocolates & Candies,"Ching's Secret Sauce, Green Chilli",5500,0,5,5500,190,False,190,55.0,55.0,0.0,275.0
Chocolates & Candies,Ching's Secret Chilli Vinegar,5000,0,4,5000,170,False,170,50.0,50.0,0.0,200.0
Chocolates & Candies,Ching's Red Chilli Sauce,5500,0,6,5500,200,False,200,55.0,55.0,0.0,330.0
Chocolates & Candies,Borges Durum Wheat Fusilli Pasta,25000,0,3,25000,500,False,500,250.0,250.0,0.0,750.0
Chocolates & Candies,The Whole Truth Cranberry Mini Protein Bar No Sugar,5500,20,6,4400,27,False,27,55.0,44.0,11.0,264.0
Chocolates & Candies,The Whole Truth Mini Protein Bar - Coffee Cocoa No Added Sugar,5500,20,6,4400,27,False,27,55.0,44.0,11.0,264.0
Chocolates & Candies,Maggi Hot & Sweet Tomato Chilli Sauce,11500,0,1,11500,500,False,500,115.0,115.0,0.0,115.0
Chocolates & Candies,Sunfeast YiPPee! Noodles - Magic Masala,9600,5,4,9100,540,False,540,96.0,91.0,5.0,364.0
Chocolates & Candies,Chef's Basket Durum Wheat Fusilli Pasta,16000,50,6,8000,500,False,500,160.0,80.0,80.0,480.0
Chocolates & Candies,Top Ramen Chicken Noodles,6000,10,1,5400,280,False,280,60.0,54.0,6.0,54.0
Chocolates & Candies,Veeba Cheese and Chilli Sandwich Spread,8900,11,6,7900,275,False,275,89.0,79.0,10.0,474.0
Chocolates & Candies,Chings Secret Chowmein Hakka Noodles Masala,4400,0,2,4400,60,False,60,44.0,44.0,0.0,88.0
Chocolates & Candies,Safal Frozen - Mixed Vegetables,11000,4,2,10500,1000,False,1,110.0,105.0,5.0,210.0
Chocolates & Candies,MTR 3 Min Poha,2500,0,6,2500,60,False,60,25.0,25.0,0.0,150.0
Chocolates & Candies,Ching's Manchurian Instant Noodles,1500,0,5,1500,60,False,60,15.0,15.0,0.0,75.0
Chocolates & Candies,The Whole Truth Peanut Cocoa Mini Protein Bar No Sugar,5500,25,6,4100,27,False,27,55.0,41.0,14.0,246.0
Chocolates & Candies,Gits Pav Bhaji Ready to Eat,11000,22,6,8500,300,False,300,110.0,85.0,25.0,510.0
Chocolates & Candies,McCain New Mini Samosa with Cheese Corn Style Filling,12000,1,2,11800,240,False,240,120.0,118.0,2.0,236.0
Chocolates & Candies,Lijjat Udad Mini Papad,6000,6,6,5600,200,False,200,60.0,56.0,4.0,336.0
Chocolates & Candies,McCain Herb & Garlic Crazy Fries Masala Mix,12000,5,5,11400,400,False,400,120.0,114.0,6.0,570.0
Chocolates & Candies,Yoga Bar Multigrain Energy Bar Nuts And Seeds,4000,12,4,3500,38,False,38,40.0,35.0,5.0,140.0
Chocolates & Candies,Godrej Yummiez Chicken Lucknowi Seekh Kebab,26000,10,4,23400,400,False,400,260.0,234.0,26.0,936.0
Chocolates & Candies,Smith & Jones Red Pasta Sauce Mix,4000,0,6,4000,46,False,46,40.0,40.0,0.0,240.0
Chocolates & Candies,The Whole Truth Energy Bar Choco Cranberry Fudge,6000,26,6,4400,40,False,40,60.0,44.0,16.0,264.0
Chocolates & Candies,Veeba Mint Mayonnaise,16900,8,4,15500,300,False,300,169.0,155.0,14.0,620.0
Chocolates & Candies,Del Monte Original Blend Tomato Ketchup Pouch,12000,7,0,11100,950,True,950,120.0,111.0,9.0,0.0
Chocolates & Candies,MTR Vegetable Upma,2500,0,0,2500,60,True,60,25.0,25.0,0.0,0.0
Chocolates & Candies,Safal Frozen - Sweet Corn,16000,5,0,15200,1000,True,1,160.0,152.0,8.0,0.0
Chocolates & Candies,Sunfeast Pasta Treat Pack of Tomato Cheese,2800,17,0,2300,65,True,65,28.0,23.0,5.0,0.0
Chocolates & Candies,Zorabian Chicken Kheema Parathas,19000,0,0,19000,300,True,300,190.0,190.0,0.0,0.0
Chocolates & Candies,Dabur Hommade - Imli Sauce Saunth,2000,10,0,1800,100,True,100,20.0,18.0,2.0,0.0
Chocolates & Candies,Chef's Basket Durum Wheat Penne Pasta,16000,50,0,8000,500,True,500,160.0,80.0,80.0,0.0
Chocolates & Candies,Mothers Recipe Rice Papad Ajwain,2400,0,0,2400,75,True,75,24.0,24.0,0.0,0.0
Chocolates & Candies,Mother's Recipe Potato Papad,3100,9,0,2800,70,True,75,31.0,28.0,3.0,0.0
Chocolates & Candies,Del Monte Natural Vinegar,5500,3,0,5300,180,True,180,55.0,53.0,2.0,0.0
Chocolates & Candies,Kelloggs Corn Flakes With Real Strawberry Pure,26500,10,0,23600,575,True,575,265.0,236.0,29.0,0.0
Chocolates & Candies,Sunfeast Yippee! Magic Masala Noodles,4800,6,0,4500,240,True,240,48.0,45.0,3.0,0.0
Chocolates & Candies,Veeba Favourites Eggless Burger Mayonnaise,6900,8,0,6300,250,True,250,69.0,63.0,6.0,0.0
Chocolates & Candies,Maggi Chilly Chow Cuppa Noodles,5000,0,0,5000,70,True,70,50.0,50.0,0.0,0.0
Chocolates & Candies,Mothers Recipe Papad - Sabudana With Rock Salt,3100,9,0,2800,70,True,70,31.0,28.0,3.0,0.0
Chocolates & Candies,Lijjat Moong Papad,6000,5,0,5700,200,True,200,60.0,57.0,3.0,0.0
Chocolates & Candies,Saffola Oats 100 % Natural,1500,0,0,1500,38,True,38,15.0,15.0,0.0,0.0
Chocolates & Candies,Ching's Secret Veg Hakka Noodles,10700,0,0,10700,600,True,600,107.0,107.0,0.0,0.0
Chocolates & Candies,Safal Frozen Corn,4100,4,0,3900,200,True,200,41.0,39.0,2.0,0.0
Chocolates & Candies,Top Ramen Masala,9100,9,0,8200,560,True,560,91.0,82.0,9.0,0.0
Chocolates & Candies,Del Monte Eggless Mayo,13500,6,0,12600,500,True,500,135.0,126.0,9.0,0.0
Chocolates & Candies,ITC Master Chef Cheesy Corn Triangles,16000,5,0,15200,320,True,320,160.0,152.0,8.0,0.0
Chocolates & Candies,Mother's Recipe Mixed Pickle,11500,4,0,11000,400,True,400,115.0,110.0,5.0,0.0
Chocolates & Candies,Mothers Recipe Tamrind Date Chutney,5500,9,2,5000,200,False,200,55.0,50.0,5.0,100.0
Chocolates & Candies,Sunfeast Yippee! Pasta Treat - Sour Cream Onion,2800,10,1,2500,65,False,65,28.0,25.0,3.0,25.0
Chocolates & Candies,Smith & Jones White Pasta Sauce Mix,4000,0,3,4000,46,False,46,40.0,40.0,0.0,120.0
Chocolates & Candies,Nissin Cup Noodles Tangy Tomato,5000,10,2,4500,70,False,70,50.0,45.0,5.0,90.0
Chocolates & Candies,Kelloggs Corn Flakes,9900,13,6,8600,250,False,250,99.0,86.0,13.0,516.0
Chocolates & Candies,ITC Master Chef Crispy Chicken Fries,17000,4,3,16200,280,False,280,170.0,162.0,8.0,486.0
Chocolates & Candies,The Whole Truth Mini Protein Bar - Peanut Butter No Added Sugar,5500,25,6,4100,27,False,27,55.0,41.0,14.0,246.0
Chocolates & Candies,Yoga Bar Breakfast Muesli - Almond Caramel (No Added Sugar),32500,4,6,30900,400,False,400,325.0,309.0,16.0,1854.0
Chocolates & Candies,Dabur Hommade Tamarind Paste,4800,6,6,4500,200,False,200,48.0,45.0,3.0,270.0
Chocolates & Candies,Veeba English Mustard,7400,6,2,6900,300,False,300,74.0,69.0,5.0,138.0
Chocolates & Candies,Saffola Yummy Masala Noodles,2000,0,2,2000,46,False,46,20.0,20.0,0.0,40.0
Chocolates & Candies,The Whole Truth Cranberry Protein Bar No Sugar,10000,26,6,7400,52,False,52,100.0,74.0,26.0,444.0
Chocolates & Candies,Del Monte Pitted Green Olives,25000,0,0,25000,450,True,450,250.0,250.0,0.0,0.0
Chocolates & Candies,Dr Oetker Cucumber & Carrot Sandwich Spread Veg,7900,0,0,7900,250,True,250,79.0,79.0,0.0,0.0
Chocolates & Candies,Yummiez American Sweet Corn,8500,0,0,8500,400,True,400,85.0,85.0,0.0,0.0
Chocolates & Candies,Yummiez Green Peas,25000,0,0,25000,1000,True,1,250.0,250.0,0.0,0.0
Chocolates & Candies,Yummiez Green Peas,13500,0,0,13500,500,True,500,135.0,135.0,0.0,0.0
Chocolates & Candies,Del Monte Schezwan Sauce,5500,0,0,5500,190,True,190,55.0,55.0,0.0,0.0
Chocolates & Candies,Maggi Special Masala Spicy Yummy Noodles,7200,0,0,7200,280,True,280,72.0,72.0,0.0,0.0
Chocolates & Candies,Hershey's Cocoa + Almond Spread,29500,9,0,26600,350,True,350,295.0,266.0,29.0,0.0
Chocolates & Candies,Godrej Yummiez Chicken Breakfast Salami,15000,4,0,14300,250,True,250,150.0,143.0,7.0,0.0
Chocolates & Candies,Mccain Emotibites - Crispy Happy Potato Snack,13000,0,6,12900,415,False,415,130.0,129.0,1.0,774.0
Chocolates & Candies,Soulfull Millet Muesli Fruit & Nut Almonds & Real Fruits,29900,10,6,26900,400,False,400,299.0,269.0,30.0,1614.0
Chocolates & Candies,Mother's Recipe Mango Pickle,12000,0,1,12000,400,False,400,120.0,120.0,0.0,120.0
Chocolates & Candies,Whiskas Adult Pocket Tuna Cat Food,41000,0,1,41000,1200,False,1,410.0,410.0,0.0,410.0
Chocolates & Candies,Zorabian Chicken Smoked Ham,20500,5,1,19400,250,False,250,205.0,194.0,11.0,194.0
Chocolates & Candies,Knorr Chinese Hot And Sour Veg Soup,5500,3,1,5300,43,False,43,55.0,53.0,2.0,53.0
Chocolates & Candies,Baggry's Crunchy Muesli Almond Raisins & Honey,13000,0,5,13000,200,False,200,130.0,130.0,0.0,650.0
Chocolates & Candies,Veeba Thousand Island Dressing,14900,8,6,13700,300,False,300,149.0,137.0,12.0,822.0
Chocolates & Candies,Veeba Salsa Dip,11900,6,6,11100,360,False,360,119.0,111.0,8.0,666.0
Chocolates & Candies,Kellogg's No Added Sugar Muesli,33500,11,6,29800,500,False,500,335.0,298.0,37.0,1788.0
Chocolates & Candies,Mother's Recipe Pickle - Red Stuffed Chilli,14500,11,3,12900,400,False,400,145.0,129.0,16.0,387.0
Chocolates & Candies,Kissan Pineapple Jam,16500,9,1,14900,500,False,500,165.0,149.0,16.0,149.0
Chocolates & Candies,Ching's Secret Mix Veg Instant Soup,1000,0,3,1000,15,False,15,10.0,10.0,0.0,30.0
Chocolates & Candies,Yogabar No Added Sugar Protein Bar Brownie,12500,15,4,10600,60,False,60,125.0,106.0,19.0,424.0
Chocolates & Candies,Mother's Recipe Tamarind Paste,5000,2,6,4900,200,False,200,50.0,49.0,1.0,294.0
Chocolates & Candies,Quaker Oats Breakfast Cereals - With Flavour Mix Nutritious Rich Source Of Energy,4900,8,6,4500,200,False,200,49.0,45.0,4.0,270.0
Chocolates & Candies,Kellogg's Crunchy Fruit & Nut Breakfast Cereals Muesli,44500,9,6,40100,750,False,750,445.0,401.0,44.0,2406.0
Chocolates & Candies,MTR Breakfast Khatta Meetha Poha Mix,2500,20,6,2000,60,False,60,25.0,20.0,5.0,120.0
Chocolates & Candies,Sunfeast Yippee! Mood Masala Noodles,6000,28,3,4300,260,False,260,60.0,43.0,17.0,129.0
Chocolates & Candies,Chef's Basket Durum Wheat Elbow Pasta,16000,50,6,8000,500,False,500,160.0,80.0,80.0,480.0
Chocolates & Candies,Ching's Secret Tomato Instant Soup,1000,0,1,1000,16,False,15,10.0,10.0,0.0,10.0
Chocolates & Candies,Unibic Fruit & Nut Real Cranberries & Almonds Protein Bar,4000,17,6,3300,30,False,30,40.0,33.0,7.0,198.0
Chocolates & Candies,Bambino Popular Vermicelli,4000,2,3,3900,400,False,400,40.0,39.0,1.0,117.0
Chocolates & Candies,Smith & Jones Masala Noodles,8900,0,5,8900,480,False,480,89.0,89.0,0.0,445.0
Chocolates & Candies,Nestle Nestle Nan Pro Follow-Up Formula,65000,0,6,65000,400,False,400,650.0,650.0,0.0,3900.0
Chocolates & Candies,Sunfeast Yippee! Power Up Atta Noodles,9600,15,6,8100,280,False,280,96.0,81.0,15.0,486.0
Chocolates & Candies,Chings Secret Manchurian Instant Noodle,6000,0,6,6000,240,False,240,60.0,60.0,0.0,360.0
Chocolates & Candies,Mother's Recipe Pickle - Mango,14900,26,4,10900,500,False,500,149.0,109.0,40.0,436.0
Chocolates & Candies,Kelloggs Chocos Protein And Fibre Of 1 Roti,49900,11,6,44400,1200,False,1,499.0,444.0,55.0,2664.0
Chocolates & Candies,Ching's Secret Asian Hot Instant Soup,1500,0,3,1500,15,False,15,15.0,15.0,0.0,45.0
Chocolates & Candies,Maggi Hot & Sweet - Tomato Chilli Sauce,17000,10,1,15300,1000,False,1,170.0,153.0,17.0,153.0
Chocolates & Candies,Pedigree Dentastix  Dog Treat Oral Care for Adult Medium Breed,17500,20,6,14000,180,False,180,175.0,140.0,35.0,840.0
Chocolates & Candies,Godrej Yummiez Chilli Chicken Sausages,16000,10,3,14400,250,False,250,160.0,144.0,16.0,432.0
Chocolates & Candies,Mother's Recipe Pickle - Mango,12500,9,6,11300,400,False,500,125.0,113.0,12.0,678.0
Chocolates & Candies,Ching's Secret Singapore Curry Instant Noodles,1500,0,3,1500,60,False,60,15.0,15.0,0.0,45.0
Chocolates & Candies,Cornitos Cornitos Taco Shells - 6 Inches,16000,20,4,12800,180,False,180,160.0,128.0,32.0,512.0
Chocolates & Candies,Kellogg's Crunchy Granola Chocolate & Almonds,33000,10,3,29400,450,False,450,330.0,294.0,36.0,882.0
Chocolates & Candies,Kellogg's Real Almond & Honey Corn Flakes,55000,5,3,52000,1000,False,1,550.0,520.0,30.0,1560.0
Chocolates & Candies,Wingreens Farms Chipotle Dip,20000,25,1,15000,180,False,180,200.0,150.0,50.0,150.0
Chocolates & Candies,Smith & Jones Pink Pasta Sauce Mix,4000,0,4,4000,46,False,46,40.0,40.0,0.0,160.0
Chocolates & Candies,ITC Master Chef Classic Aloo Tikki,8000,10,3,7200,320,False,320,80.0,72.0,8.0,216.0
Chocolates & Candies,Saffola Veggie Twist Masala Oats,19500,12,2,17100,500,False,500,195.0,171.0,24.0,342.0
Chocolates & Candies,The Whole Truth Vegan Fig Apricot & Orange Energy Bar No Sugar,6000,20,6,4800,40,False,40,60.0,48.0,12.0,288.0
Chocolates & Candies,Ching's Secret Just Soak - Whole Wheat Veg Hakka Noodle,3200,0,3,3200,150,False,150,32.0,32.0,0.0,96.0
Chocolates & Candies,Kitchens Of India Chicken Darbari,20000,30,4,14000,285,False,285,200.0,140.0,60.0,560.0
Chocolates & Candies,"Kellogg's Crunchy Granola Honey, Almonds, Strawberries & Pumpkin Seeds",33000,10,1,29400,450,False,450,330.0,294.0,36.0,294.0
Chocolates & Candies,McCain Super Wedges,12000,7,6,11100,400,False,400,120.0,111.0,9.0,666.0
Chocolates & Candies,Switz Spring Roll Dough Sheets,9000,4,6,8600,1160,False,20,90.0,86.0,4.0,516.0
Chocolates & Candies,Kellogg's Original Corn Flakes,31000,6,6,29000,875,False,875,310.0,290.0,20.0,1740.0
Chocolates & Candies,The Whole Truth Mini Protein Bar - Coconut Cocoa No Added Sugar,5500,25,6,4100,27,False,27,55.0,41.0,14.0,246.0
Chocolates & Candies,Yoga Bar Breakfast Protein Bar - Blueberry Pie,5000,12,1,4400,50,False,50,50.0,44.0,6.0,44.0
Chocolates & Candies,McCain French Fries,12000,5,1,11400,420,False,420,120.0,114.0,6.0,114.0
Chocolates & Candies,Quaker Oats,7900,0,2,7900,400,False,400,79.0,79.0,0.0,158.0
Chocolates & Candies,Unibic Almond & Oats Protein Bar,4000,17,4,3300,30,False,30,40.0,33.0,7.0,132.0
Chocolates & Candies,Saffola Veggie Twist Masala Oats,1500,0,6,1500,38,False,38,15.0,15.0,0.0,90.0
Chocolates & Candies,Top Ramen  Noodles Curry Veg Pouch,2000,0,1,2000,70,False,70,20.0,20.0,0.0,20.0
Chocolates & Candies,Veeba Pasta And Pizza Sauce,7500,13,5,6500,280,False,280,75.0,65.0,10.0,325.0
Chocolates & Candies,Ching's Secret Instant Schezwan Noodles,1500,0,6,1500,60,False,60,15.0,15.0,0.0,90.0
Chocolates & Candies,Veeba Eggless Mayonnaise,7900,11,5,7000,250,False,250,79.0,70.0,9.0,350.0
Chocolates & Candies,Ching's Secret Manchow Instant Soup,1000,0,1,1000,15,False,15,10.0,10.0,0.0,10.0
Chocolates & Candies,Ching's Secret Instant Hot Garlic Noodles,1500,0,3,1500,60,False,60,15.0,15.0,0.0,45.0
Chocolates & Candies,Whiskas Wet  Meal (Adult - Cat Food)  Chicken in Gravy,3500,2,2,3400,85,False,85,35.0,34.0,1.0,68.0
Chocolates & Candies,McCain Veggie Fingers,11700,5,6,11100,400,False,400,117.0,111.0,6.0,666.0
Chocolates & Candies,McCain Veggie Burger Patty,11500,3,6,11100,360,False,360,115.0,111.0,4.0,666.0
Chocolates & Candies,McCain Smiles Cripsy Happy Potatoes,12000,5,6,11400,415,False,415,120.0,114.0,6.0,684.0
Chocolates & Candies,McCain Aloo Tikki,11000,4,6,10500,400,False,400,110.0,105.0,5.0,630.0
Chocolates & Candies,iD Wheat Lachha Paratha,8000,12,6,7000,400,False,400,80.0,70.0,10.0,420.0
Chocolates & Candies,iD Malabar Parota,8000,10,4,7200,400,False,400,80.0,72.0,8.0,288.0
Chocolates & Candies,McCain Chilli Garlic Potato Bites Crunchy Potato Nuggets,12500,5,1,11800,420,False,420,125.0,118.0,7.0,118.0
Chocolates & Candies,McCain Potato Cheese Shotz,13000,4,6,12400,250,False,250,130.0,124.0,6.0,744.0
Chocolates & Candies,McCain Masala - Fries,12000,5,3,11400,375,False,375,120.0,114.0,6.0,342.0
Chocolates & Candies,Ching's Secret Schezwan Fried Rice Masala,1500,0,6,1500,20,False,20,15.0,15.0,0.0,90.0
Chocolates & Candies,Ching's Secret Manchow Noodles Instant Soup,1500,0,6,1500,20,False,20,15.0,15.0,0.0,90.0
Chocolates & Candies,Veeba Chipolte Southwest Dressing,16100,7,4,14900,300,False,300,161.0,149.0,12.0,596.0
Chocolates & Candies,Ferrero Nutella Hazeulnut Spread,38000,6,5,35700,350,False,350,380.0,357.0,23.0,1785.0
Chocolates & Candies,Amul Happy Treats French Fries,6800,4,1,6500,425,False,425,68.0,65.0,3.0,65.0
Chocolates & Candies,The Whole Truth Double Cocoa Protein Bar No Sugar,10000,10,6,9000,52,False,52,100.0,90.0,10.0,540.0
Chocolates & Candies,McCain Crazy Fries Masala MixHot 'n' Tangy,12000,5,6,11400,400,False,400,120.0,114.0,6.0,684.0
Chocolates & Candies,Whiskas Wet  Meal (Kitten - Cat Food)  Chicken in Gravy,3500,5,2,3300,85,False,85,35.0,33.0,2.0,66.0
Chocolates & Candies,Chings Instant Soup - Sweet Corn Veg,1000,0,2,1000,15,False,15,10.0,10.0,0.0,20.0
Chocolates & Candies,Whiskas Kitten (2-12 months) Dry Cat Food Food Ocean Fish,38500,9,5,34700,1100,False,1100,385.0,347.0,38.0,1735.0
Chocolates & Candies,Maggi Imli Sauce Pichkoo,2200,0,6,2200,90,False,90,22.0,22.0,0.0,132.0
Chocolates & Candies,Switz Samosa Dough Sheets,9000,4,6,8600,50,False,50,90.0,86.0,4.0,516.0
Chocolates & Candies,Lijjat Garlic Papad,6000,5,5,5700,200,False,200,60.0,57.0,3.0,285.0
Chocolates & Candies,Ferrero Nutella Hazelnut Spread,22000,5,2,20700,180,False,180,220.0,207.0,13.0,414.0
Chocolates & Candies,McCain French Fries Crisp & Delicious,17500,4,3,16700,750,False,750,175.0,167.0,8.0,501.0
Chocolates & Candies,McCain Smiles - Pudina Chatka,12000,5,3,11400,375,False,375,120.0,114.0,6.0,342.0
Chocolates & Candies,Amul Spray Infant Milk Food,19700,2,6,19300,500,False,500,197.0,193.0,4.0,1158.0
Chocolates & Candies,Chings Instant Soup - Hot & Sour,1000,0,1,1000,15,False,15,10.0,10.0,0.0,10.0
Chocolates & Candies,"Whiskas Adult (+1 Year) Dry Cat Food, Ocean Fish Flavour",43000,10,6,38700,1200,False,1,430.0,387.0,43.0,2322.0
Chocolates & Candies,McCain Chilli Cheesy Nuggets,13000,4,1,12400,250,False,250,130.0,124.0,6.0,124.0
Chocolates & Candies,McCain New Mini Samosa with Cheese Pizza Style Filling,12000,1,3,11800,240,False,240,120.0,118.0,2.0,354.0
Chocolates & Candies,Quaker Oats,19900,7,6,18400,1000,False,1,199.0,184.0,15.0,1104.0
Chocolates & Candies,Ching's Singapore Curry Instant Noodles,6000,0,4,6000,240,False,240,60.0,60.0,0.0,240.0
Chocolates & Candies,Kellogg's Chocos,13000,10,6,11700,250,False,250,130.0,117.0,13.0,702.0
Chocolates & Candies,Nestle Ceregrow Multigrain Cereal with Milk and Fruits - 3 to 6 years,29200,0,6,29200,300,False,300,292.0,292.0,0.0,1752.0
Chocolates & Candies,ITC Master Chef Lebanese Falafel Kebab,13000,4,4,12400,230,False,230,130.0,124.0,6.0,496.0
Chocolates & Candies,Kelloggs Chocos Fills Double Chocolaty,18500,10,5,16500,250,False,250,185.0,165.0,20.0,825.0
Chocolates & Candies,Organic India Apple Cider Vinegar,59500,9,2,53600,500,False,500,595.0,536.0,59.0,1072.0
Chocolates & Candies,Kellogg's Almonds And Cranberries Granola,33000,6,6,31000,460,False,460,330.0,310.0,20.0,1860.0
Chocolates & Candies,Masala Oats Masala & Coriander,19500,9,5,17600,500,False,500,195.0,176.0,19.0,880.0
Chocolates & Candies,Ching's Secret  Noodles - Pad Thai Lemongras,20000,0,5,20000,130,False,130,200.0,200.0,0.0,1000.0
Chocolates & Candies,Bagrrys Fruit and Nut Muesli with Cranberries,49900,0,5,49900,750,False,750,499.0,499.0,0.0,2495.0
Chocolates & Candies,Kitchens Of India Yellow Dal Tadka,11000,30,6,7700,285,False,285,110.0,77.0,33.0,462.0
Chocolates & Candies,Pantai Red Curry Paste,6000,0,4,6000,50,False,50,60.0,60.0,0.0,240.0
Chocolates & Candies,Kellogg's Real Honey Corn Flakes,29000,7,5,26700,630,False,630,290.0,267.0,23.0,1335.0
Chocolates & Candies,Soulfull Vanilla Fills - Ragi Bites,16900,5,6,16000,250,False,250,169.0,160.0,9.0,960.0
Chocolates & Candies,Borges Durum Wheat Pasta Superior Quality,25000,40,6,14900,500,False,500,250.0,149.0,101.0,894.0
Chocolates & Candies,Veeba Hot Sweet Tomato Chilli Sauce,10400,20,3,8300,500,False,500,104.0,83.0,21.0,249.0
Chocolates & Candies,Kellogg's Crunchy Bites Chocos,19000,10,6,17100,375,False,375,190.0,171.0,19.0,1026.0
Chocolates & Candies,Nestle Lactogen Stage 2 Follow-up Formula Powder,34000,0,2,34000,400,False,400,340.0,340.0,0.0,680.0
Chocolates & Candies,MTR Ready To Eat Paneer Butter Masala,13500,9,2,12200,300,False,300,135.0,122.0,13.0,244.0
Chocolates & Candies,Pantai Oyster Sauce,27500,14,4,23400,200,False,200,275.0,234.0,41.0,936.0
Chocolates & Candies,MTR Seviyan Vermicelli,4200,0,2,4200,400,False,400,42.0,42.0,0.0,84.0
Chocolates & Candies,Pantai Teriyaki Sauce with Garlic,32500,15,6,27600,200,False,200,325.0,276.0,49.0,1656.0
Chocolates & Candies,Ching's Secret Hot Garlic Instant Noodles,11400,0,6,11400,480,False,480,114.0,114.0,0.0,684.0
Chocolates & Candies,Mother's Recipe Punjabi Teekha Mang Pickle,12000,10,4,10800,400,False,400,120.0,108.0,12.0,432.0
Chocolates & Candies,MTR Roasted Vermicelli,5500,0,1,5500,400,False,400,55.0,55.0,0.0,55.0
Chocolates & Candies,Pantai Sriracha Red Chilli Sauce,22500,15,6,19100,200,False,200,225.0,191.0,34.0,1146.0
Chocolates & Candies,Del Monte Pizza & Pasta Sauce Spout Pack,9900,0,3,9900,400,False,400,99.0,99.0,0.0,297.0
Chocolates & Candies,ITC Master Chef Chicken Seekh Kabab,32500,0,6,32500,500,False,500,325.0,325.0,0.0,1950.0
Chocolates & Candies,Ching's Secret Manchurian Noodles,9100,0,5,9100,360,False,360,91.0,91.0,0.0,455.0
Chocolates & Candies,Kellogg's All Bran Wheat Flakes,22000,6,5,20500,425,False,425,220.0,205.0,15.0,1025.0
Chocolates & Candies,Yummiez Chicken Breakfast Sausages,15000,0,3,15000,250,False,250,150.0,150.0,0.0,450.0
Chocolates & Candies,Pantai Red Curry Paste,15000,14,3,12800,114,False,114,150.0,128.0,22.0,384.0
Chocolates & Candies,Bagrrys Muesli Crunchy Fruit & Nut With Cranberries,33000,10,6,29700,400,False,400,330.0,297.0,33.0,1782.0
Chocolates & Candies,Quaker Oats Pouch,27600,10,6,24800,1500,False,1,276.0,248.0,28.0,1488.0
Chocolates & Candies,Prasuma Momos -  Cheesy Spicy Veg,29500,0,6,29500,24,False,24,295.0,295.0,0.0,1770.0
Chocolates & Candies,Veeba Sriracha Chilli Garlic Sauce,14900,8,5,13700,320,False,320,149.0,137.0,12.0,685.0
Chocolates & Candies,Ching's Secret Just Soak - Veg Hakka Noodles,11500,0,6,11500,600,False,600,115.0,115.0,0.0,690.0
Chocolates & Candies,Moi Soi Kung Pao Sauce - For Stir Fry Marinade Spread & Dip,28000,50,5,14000,175,False,175,280.0,140.0,140.0,700.0
Chocolates & Candies,Figaro Plain Green Olive,17900,0,6,17900,450,False,450,179.0,179.0,0.0,1074.0
Chocolates & Candies,Mother's Recipe Gujrati Gorkeri Pickle,14000,10,3,12600,500,False,500,140.0,126.0,14.0,378.0
Chocolates & Candies,Kellogg's Muesli 20% Nuts Delight,32000,0,6,32000,500,False,500,320.0,320.0,0.0,1920.0
Chocolates & Candies,Borges Farfalle Durum Wheat Pasta,25000,0,5,25000,500,False,500,250.0,250.0,0.0,1250.0
Chocolates & Candies,Kellogg's Chocos,29900,10,4,26900,700,False,700,299.0,269.0,30.0,1076.0
Chocolates & Candies,Nestle Nan Pro 4 Follow Up Formula Powder For Older Infants,62000,0,1,62000,400,False,400,620.0,620.0,0.0,620.0
Chocolates & Candies,Veeba Truly Tomato Ketchup,9900,20,6,7900,500,False,500,99.0,79.0,20.0,474.0
Chocolates & Candies,Ching's Secret Green Chilli Sauce,8500,4,1,8100,680,False,680,85.0,81.0,4.0,81.0
Chocolates & Candies,Hershey's Cocoa Spread,29500,0,3,29500,350,False,350,295.0,295.0,0.0,885.0
Chocolates & Candies,Cantina Tortilla Dip Sauce Sour Creamy Tex Mex,22500,15,5,19100,190,False,190,225.0,191.0,34.0,955.0
Chocolates & Candies,Dabur Hommade - Rajasthan Ki Garlic Chutne,6500,6,6,6100,200,False,200,65.0,61.0,4.0,366.0
Chocolates & Candies,Ching's Secret Sweet Corn Soup,5500,0,6,5500,55,False,55,55.0,55.0,0.0,330.0
Chocolates & Candies,Moi Soi Sichuan Chilli Oil- For Stir Fry Marinade Spread & Dip,28000,50,5,14000,175,False,175,280.0,140.0,140.0,700.0
Chocolates & Candies,Kelloggs Special K,21000,8,5,19200,435,False,435,210.0,192.0,18.0,960.0
Chocolates & Candies,Pantai Green Curry Paste,15000,14,5,12800,114,False,114,150.0,128.0,22.0,640.0
Chocolates & Candies,"The Whole Truth - Nuts, Fruits & Seeds Muesli",32500,20,6,26000,350,False,350,325.0,260.0,65.0,1560.0
Chocolates & Candies,The Whole Truth Vegan Mocha Almond Fudge Energy Bar No Sugar,6000,20,6,4800,40,False,40,60.0,48.0,12.0,288.0
Chocolates & Candies,Veeba Barbeque Sauce,14900,8,6,13700,330,False,330,149.0,137.0,12.0,822.0
Chocolates & Candies,Figaro Sliced Black Olive,17900,0,6,17900,450,False,450,179.0,179.0,0.0,1074.0
Chocolates & Candies,Soulfull Ragi Bites Choco Fills,16900,5,4,16000,250,False,250,169.0,160.0,9.0,640.0
Chocolates & Candies,Kelloggs Chocos Fills Double Chocolat,9900,11,6,8800,175,False,175,99.0,88.0,11.0,528.0
Chocolates & Candies,Kitchens Of India Palak Paneer,13000,30,6,9100,285,False,285,130.0,91.0,39.0,546.0
Chocolates & Candies,Mother's Recipe Madras Appalam,5000,10,6,4500,100,False,100,50.0,45.0,5.0,270.0
Chocolates & Candies,Kelloggs Chocos - Moons & Stars,66000,40,4,39600,1200,False,1,660.0,396.0,264.0,1584.0
Chocolates & Candies,Nestle Cerelac Baby Cereal With Milk Wheat-Rice Mixed Fruit,26100,0,6,26100,300,False,300,261.0,261.0,0.0,1566.0
Chocolates & Candies,Ching's Secret Lemon Coriander Instant Soup,1500,0,5,1500,15,False,15,15.0,15.0,0.0,75.0
Chocolates & Candies,Pedigree Puppy Dry Dog Food Food Chicken & Milk,29000,20,6,23200,1200,False,1200,290.0,232.0,58.0,1392.0
Chocolates & Candies,Kelloggs Chocos,17000,5,4,16000,385,False,385,170.0,160.0,10.0,640.0
Chocolates & Candies,Kellogg's Corn Flakes,42500,9,1,38300,1000,False,1,425.0,383.0,42.0,383.0
Chocolates & Candies,Godrej Yummiez Chicken Punjabi Tikka,29500,9,6,26600,360,False,360,295.0,266.0,29.0,1596.0
Chocolates & Candies,"Knorr Classic Tomato Soup With 100% Real Vegetabls, No Added Preservatives",5500,0,6,5500,53,False,53,55.0,55.0,0.0,330.0
Chocolates & Candies,Smith & Jones Masala Noodles,6800,10,5,6100,360,False,360,68.0,61.0,7.0,305.0
Chocolates & Candies,MTR 3 Minute Breakfast - Magic Masala Upma,2500,0,6,2500,60,False,60,25.0,25.0,0.0,150.0
Chocolates & Candies,ITC Master Chef Chicken Galouti Kebab,17000,4,2,16200,210,False,210,170.0,162.0,8.0,324.0
Chocolates & Candies,"Top Ramen Noodles, Atta",8000,0,1,8000,280,False,280,80.0,80.0,0.0,80.0
Chocolates & Candies,Top Ramen Masala Oat Masala,8000,10,6,7200,280,False,280,80.0,72.0,8.0,432.0
Chocolates & Candies,"Ching's Secret Instant Noodles, Hot Garlic",6000,0,4,6000,240,False,240,60.0,60.0,0.0,240.0
Chocolates & Candies,Pantai Light Soy Sauce,27500,14,5,23400,200,False,200,275.0,234.0,41.0,1170.0
Chocolates & Candies,Kitchens of India Dal Makhani,11000,30,2,7700,285,False,285,110.0,77.0,33.0,154.0
Chocolates & Candies,Mother's Recipe Lime Pickle,12000,5,1,11400,400,False,400,120.0,114.0,6.0,114.0
Chocolates & Candies,Kelloggs Chocos Moon & Stars,33000,10,6,29400,680,False,680,330.0,294.0,36.0,1764.0
Chocolates & Candies,Mother's Recipe Bhel Puri Chutney,5500,9,4,5000,200,False,200,55.0,50.0,5.0,200.0
Chocolates & Candies,Ching's Secret Chowmein Hakka Noodles Masala,6000,10,2,5400,100,False,100,60.0,54.0,6.0,108.0
Chocolates & Candies,Ching's Secret Just Soak - Veg Hakka Noodles,3000,0,5,3000,150,False,150,30.0,30.0,0.0,150.0
Chocolates & Candies,Kitchens Of India Mughlai Paneer,16000,30,4,11200,285,False,285,160.0,112.0,48.0,448.0
Chocolates & Candies,Saffola Everyday Peppy Tomato Masala Oats,19500,12,6,17100,500,False,500,195.0,171.0,24.0,1026.0
Chocolates & Candies,Maggi Ghee Tadka Upma Express Pouch,2500,0,6,2500,65,False,65,25.0,25.0,0.0,150.0
Chocolates & Candies,Kellogg's Real Almond & Honey Corn Flakes,37000,12,3,32400,650,False,650,370.0,324.0,46.0,972.0
Chocolates & Candies,Veeba Carrot & Cucumber Sandwich Spread,8500,10,6,7600,250,False,250,85.0,76.0,9.0,456.0
Chocolates & Candies,Ching's Secret Manchow Soup,5500,0,3,5500,55,False,55,55.0,55.0,0.0,165.0
Chocolates & Candies,Wingreens Farms Tangy Cheese Pita Chips & Mexican Salsa Dip,6000,15,1,5100,70,False,70,60.0,51.0,9.0,51.0
Chocolates & Candies,ITC Master Chef Veggie Pizza Pocket,17000,4,4,16200,340,False,340,170.0,162.0,8.0,648.0
Chocolates & Candies,Sumeru Aloo Paratha,11900,5,6,11300,400,False,400,119.0,113.0,6.0,678.0
Chocolates & Candies,Nestle Cerelac Wheat - Stage 1,19000,0,6,19000,300,False,300,190.0,190.0,0.0,1140.0
Chocolates & Candies,Kitchens Of India Chicken Chettinad,20000,30,1,14000,285,False,285,200.0,140.0,60.0,140.0
Cooking Essentials,Everest Kitchen King Masala,7000,14,2,6000,100,False,100,70.0,60.0,10.0,120.0
Cooking Essentials,Nestle Milkmaid,13200,3,6,12800,400,False,400,132.0,128.0,4.0,768.0
Cooking Essentials,Everest Garam Masala,4200,2,2,4100,50,False,50,42.0,41.0,1.0,82.0
Cooking Essentials,Popular Essentials Sona Masouri Steam Rice,6500,9,6,5900,1000,False,1,65.0,59.0,6.0,354.0
Cooking Essentials,24 Mantra Organic Cumin,7000,7,2,6500,100,False,100,70.0,65.0,5.0,130.0
Cooking Essentials,24 Mantra Organic Tur Dal,26000,20,6,20800,1000,False,1,260.0,208.0,52.0,1248.0
Cooking Essentials,24 Mantra Bura Sugar (Demerara),8000,10,6,7200,500,False,500,80.0,72.0,8.0,432.0
Cooking Essentials,Popular Essentials Black Masoor Whole (Un-Polished),6500,10,3,5800,500,False,500,65.0,58.0,7.0,174.0
Cooking Essentials,Weikfield Vanilla Flavoured Custard Powder,3700,0,6,3700,100,False,100,37.0,37.0,0.0,222.0
Cooking Essentials,Tata Sampann Moong Dal Split,18000,1,5,17800,1000,False,200,180.0,178.0,2.0,890.0
Cooking Essentials,Tata Sampann Kala Chana,6400,0,5,6400,500,False,500,64.0,64.0,0.0,320.0
Cooking Essentials,Saffola Soya Chunks Mealmaker,5000,0,2,5000,200,False,200,50.0,50.0,0.0,100.0
Cooking Essentials,Popular Essentials Green Cardamom (Elaichi),20000,1,6,19800,50,False,50,200.0,198.0,2.0,1188.0
Cooking Essentials,Hershey's Syrup Delicious Strawberry,9500,0,1,9500,200,False,200,95.0,95.0,0.0,95.0
Cooking Essentials,Popular Essentials Anjeer,19000,11,4,16900,100,False,100,190.0,169.0,21.0,676.0
Cooking Essentials,Popular Essentials Mustard Seeds Rai Small,2000,0,2,2000,100,False,100,20.0,20.0,0.0,40.0
Cooking Essentials,Weikfield Baking Powder,3300,3,6,3200,100,False,100,33.0,32.0,1.0,192.0
Cooking Essentials,Dabur Honey Squeezy,18500,9,6,16700,225,False,225,185.0,167.0,18.0,1002.0
Cooking Essentials,Tata Sampann High Protein Kali Urad,9100,14,6,7800,500,False,500,91.0,78.0,13.0,468.0
Cooking Essentials,Everest Kitchen King Masala,3700,2,6,3600,50,False,50,37.0,36.0,1.0,216.0
Cooking Essentials,TilSona Til Oil,18000,10,2,16200,500,False,500,180.0,162.0,18.0,324.0
Cooking Essentials,24 Mantra Organic Green Moong Dal - Split,13500,0,2,13500,500,False,500,135.0,135.0,0.0,270.0
Cooking Essentials,Satyam Khobra,11300,10,5,10100,200,False,200,113.0,101.0,12.0,505.0
Cooking Essentials,24 Mantra Organic Peanuts,13500,7,1,12500,500,False,500,135.0,125.0,10.0,125.0
Cooking Essentials,Everest Hingraj Powder,9000,10,2,8100,50,False,50,90.0,81.0,9.0,162.0
Cooking Essentials,Everest Black Pepper Powder,13500,14,6,11500,100,False,100,135.0,115.0,20.0,690.0
Cooking Essentials,Everest Pani Puri Masala,3100,3,6,3000,50,False,50,31.0,30.0,1.0,180.0
Cooking Essentials,24 Mantra Organic Besan,9500,7,5,8800,500,False,500,95.0,88.0,7.0,440.0
Cooking Essentials,Saffola Gold Refined Cooking Oil (Jar),48500,7,6,44900,2000,False,2,485.0,449.0,36.0,2694.0
Cooking Essentials,Gits Gulab Jamun Instant Dessert Mix,9900,10,6,8900,200,False,200,99.0,89.0,10.0,534.0
Cooking Essentials,Everest Powder - Tea Masala,9800,9,5,8900,100,False,100,98.0,89.0,9.0,445.0
Cooking Essentials,Tata Sampann Urad Dal Split,9400,4,6,9000,500,False,500,94.0,90.0,4.0,540.0
Cooking Essentials,Popular Essentials Idli Sooji,3000,6,6,2800,500,False,500,30.0,28.0,2.0,168.0
Cooking Essentials,Popular Essentials Dessicated Coconut,9500,9,6,8600,200,False,200,95.0,86.0,9.0,516.0
Cooking Essentials,24 Mantra Organic Red Poha,7500,8,1,6900,500,False,500,75.0,69.0,6.0,69.0
Cooking Essentials,Tata Sampann Unpolished Rajma (Chitra),13400,6,6,12500,500,False,500,134.0,125.0,9.0,750.0
Cooking Essentials,Popular Essentials Cashew Split,32500,12,6,28300,250,False,250,325.0,283.0,42.0,1698.0
Cooking Essentials,Fortune Rozana Basmati Rice,58500,21,6,46200,5000,False,5,585.0,462.0,123.0,2772.0
Cooking Essentials,Fortune Rice Bran Health Oil (Jar),105000,1,6,103900,5000,False,5,1050.0,1039.0,11.0,6234.0
Cooking Essentials,Saffola Gold (Jar),124000,0,6,124000,5000,False,5,1240.0,1240.0,0.0,7440.0
Cooking Essentials,Popular Essentials Plain Puffed Rice (Murmura/Muri),1800,0,6,1800,100,False,100,18.0,18.0,0.0,108.0
Cooking Essentials,Parachute Oil,4000,7,3,3700,100,False,100,40.0,37.0,3.0,111.0
Cooking Essentials,Dhara Nourish Refined Sunflower Oil Pouch,21000,5,6,19900,1000,False,1,210.0,199.0,11.0,1194.0
Cooking Essentials,Fortune Biriyani Special Basmati Rice,17500,0,5,17500,1000,False,1,175.0,175.0,0.0,875.0
Cooking Essentials,Gowardhan Cow Ghee Pouch,57900,10,6,52100,1000,False,1,579.0,521.0,58.0,3126.0
Cooking Essentials,Aashirvaad Select Sharbati Atta,31500,10,6,28300,5000,False,5,315.0,283.0,32.0,1698.0
Cooking Essentials,Satyam Puffed Rice Kurmura (R),2300,0,6,2300,200,False,200,23.0,23.0,0.0,138.0
Cooking Essentials,Fortune Kachi Ghani Mustard Oil Bottle,21600,7,6,19900,1000,False,1,216.0,199.0,17.0,1194.0
Cooking Essentials,Popular Essentials Refined Sugar,6000,0,6,6000,1000,False,1,60.0,60.0,0.0,360.0
Cooking Essentials,Gowardhan Ghee Jar,59800,3,6,57900,1000,False,1,598.0,579.0,19.0,3474.0
Cooking Essentials,Everest Chaat Masala,3500,2,1,3400,50,False,50,35.0,34.0,1.0,34.0
Cooking Essentials,Popular Essentials Refined Sugar,29500,10,6,26500,5000,False,5,295.0,265.0,30.0,1590.0
Cooking Essentials,Popular Essentials Chana Dal (Un-Polished),6000,10,6,5400,500,False,500,60.0,54.0,6.0,324.0
Cooking Essentials,Everest Garam Masala,7800,7,5,7200,100,False,100,78.0,72.0,6.0,360.0
Cooking Essentials,Fortune Soya Health Refined Soybean Oil,21000,1,2,20600,1000,False,1,210.0,206.0,4.0,412.0
Cooking Essentials,Tata Sampann Unpolished Urad Whole,10100,6,4,9400,500,False,500,101.0,94.0,7.0,376.0
Cooking Essentials,Happilo Premium International Queen Kalmi Dates,24500,29,6,17200,200,False,200,245.0,172.0,73.0,1032.0
Cooking Essentials,Popular Essentials Bansi Sooji,3500,2,3,3400,500,False,500,35.0,34.0,1.0,102.0
Cooking Essentials,Popular Essentials Saunf/Fennel Seeds,4500,2,6,4400,100,False,100,45.0,44.0,1.0,264.0
Cooking Essentials,Pillsbury Chakki Fresh Atta,5200,0,4,5200,1000,False,1,52.0,52.0,0.0,208.0
Cooking Essentials,Popular Essentials Kabuli Chana Regular,8500,9,6,7700,500,False,500,85.0,77.0,8.0,462.0
Cooking Essentials,Everest Tikhalal Chilli Powder,23500,9,6,21200,500,False,500,235.0,212.0,23.0,1272.0
Cooking Essentials,Popular Essentials Ajwain Whole,2500,0,4,2500,50,False,50,25.0,25.0,0.0,100.0
Cooking Essentials,Popular Essentials Californian Almond,35000,28,6,25100,250,False,250,350.0,251.0,99.0,1506.0
Cooking Essentials,Popular Essentials Pumpkin Seeds,9000,16,6,7500,100,False,100,90.0,75.0,15.0,450.0
Cooking Essentials,Everest Shahi Biryani Masala,7000,14,6,6000,50,False,50,70.0,60.0,10.0,360.0
Cooking Essentials,Dhara Life Refined Ricebran Oil (Pouch),20500,7,6,19000,1000,False,1,205.0,190.0,15.0,1140.0
Cooking Essentials,Everest Chicken Masala,3900,2,1,3800,50,False,50,39.0,38.0,1.0,38.0
Cooking Essentials,Pillsbury Chakki Fresh Atta,45000,16,6,37500,10000,False,10,450.0,375.0,75.0,2250.0
Cooking Essentials,Amul Mithai Mate EOE Tin,11200,2,6,10900,400,False,400,112.0,109.0,3.0,654.0
Cooking Essentials,Tata Sampann Unpolished Chana Dal,9500,6,2,8900,1000,False,500,95.0,89.0,6.0,178.0
Cooking Essentials,Everest Pav Bhaji Masala,3700,10,4,3300,50,False,50,37.0,33.0,4.0,132.0
Cooking Essentials,Weikfield Baking Soda,3000,3,6,2900,100,False,100,30.0,29.0,1.0,174.0
Cooking Essentials,Popular Essentials Jeera/Cumin Seeds,4000,5,3,3800,100,False,100,40.0,38.0,2.0,114.0
Cooking Essentials,Gowardhan Pure Ghee Pouch,29500,4,6,28100,500,False,500,295.0,281.0,14.0,1686.0
Cooking Essentials,Borges Extra Virgin Olive Oil,40000,25,1,29900,250,False,250,400.0,299.0,101.0,299.0
Cooking Essentials,Keya Wonder Red Hot Chilli Flakes,8900,10,2,8000,40,False,40,89.0,80.0,9.0,160.0
Cooking Essentials,Tata Sampann Masoor Dal Stand,15000,10,4,13400,1000,False,1,150.0,134.0,16.0,536.0
Cooking Essentials,Saffola 100% Pure Honey,47500,8,2,43700,1000,False,750,475.0,437.0,38.0,874.0
Cooking Essentials,Popular Essentials Tamarind,15000,14,6,12800,500,False,500,150.0,128.0,22.0,768.0
Cooking Essentials,Gits Rice Dosa Instant Breakfast Mix,6000,5,5,5700,200,False,200,60.0,57.0,3.0,285.0
Cooking Essentials,Popular Essentials Poppy Seeds (Gasagase),28000,7,6,26000,100,False,100,280.0,260.0,20.0,1560.0
Cooking Essentials,Hershey's Hot Chocolate Powder,21000,0,4,21000,250,False,250,210.0,210.0,0.0,840.0
Cooking Essentials,Satyam Chilli  Bedgi,8200,10,5,7300,100,False,100,82.0,73.0,9.0,365.0
Cooking Essentials,Aashirvaad Instant Mix - Rice Dosa,7500,30,6,5200,200,False,200,75.0,52.0,23.0,312.0
Cooking Essentials,Hershey's Cocoa - Natural Unsweetened,27000,10,4,24300,225,False,225,270.0,243.0,27.0,972.0
Cooking Essentials,Weikfield Veg Jelly Crystals - Mango,4500,2,6,4400,90,False,90,45.0,44.0,1.0,264.0
Cooking Essentials,Popular Essentials Pancharatna Dal,8000,10,6,7200,500,False,500,80.0,72.0,8.0,432.0
Cooking Essentials,Praakritik Orrganic Cold Pressed Sesame Oil,13000,10,5,11700,100,False,100,130.0,117.0,13.0,585.0
Cooking Essentials,Popular Essentials White Peas (Un-Polished),8000,10,5,7200,500,False,500,80.0,72.0,8.0,360.0
Cooking Essentials,Flying Bird Butter Scotch Essence,5000,2,6,4900,20,False,20,50.0,49.0,1.0,294.0
Cooking Essentials,Dabur Hommade - Ginger Paste,5000,6,6,4700,200,False,200,50.0,47.0,3.0,282.0
Cooking Essentials,Popular Essentials Green Peas (Un-Polished),12000,10,5,10800,500,False,500,120.0,108.0,12.0,540.0
Cooking Essentials,24 Mantra Organic Urad White Whole,14500,15,4,12200,500,False,500,145.0,122.0,23.0,488.0
Cooking Essentials,Popular Essentials Guntur Chilli Stemless,4000,2,2,3900,100,False,100,40.0,39.0,1.0,78.0
Cooking Essentials,Popular Essentials Moth Whole,9000,10,6,8100,500,False,500,90.0,81.0,9.0,486.0
Cooking Essentials,Keya Pizza Seasoning,10900,17,6,9000,45,False,45,109.0,90.0,19.0,540.0
Cooking Essentials,Keya Piri Piri | Exotic Spices Mix,10900,20,6,8700,80,False,80,109.0,87.0,22.0,522.0
Cooking Essentials,24 Mantra Organic Moong Dal,13500,7,6,12500,500,False,500,135.0,125.0,10.0,750.0
Cooking Essentials,Popular Essentials Black Til,5000,6,4,4700,100,False,100,50.0,47.0,3.0,188.0
Cooking Essentials,Popular Essentials Jowa Flour,5000,2,5,4900,500,False,500,50.0,49.0,1.0,245.0
Cooking Essentials,Delight Nuts Cashew Roasted & Salted,42500,20,6,34000,200,False,200,425.0,340.0,85.0,2040.0
Cooking Essentials,Popular Essentials Mace/Javitri,9000,10,3,8100,20,False,20,90.0,81.0,9.0,243.0
Cooking Essentials,Mother's Recipe Paste Ginger & Garlic,7600,10,4,6800,300,False,300,76.0,68.0,8.0,272.0
Cooking Essentials,24 Mantra Groundnut Oil (Cold Pressed) Pet Bottle,41000,10,6,36900,1000,False,1,410.0,369.0,41.0,2214.0
Cooking Essentials,Satyam Pulses Masur Dal,8700,6,6,8100,500,False,500,87.0,81.0,6.0,486.0
Cooking Essentials,Delight Nuts Pista Roasted & Salted,42500,20,6,34000,200,False,200,425.0,340.0,85.0,2040.0
Cooking Essentials,Hershey's Cocoa Powder,9500,0,5,9500,70,False,70,95.0,95.0,0.0,475.0
Cooking Essentials,Praakritik Organic Singhara Atta,24000,6,4,22500,500,False,500,240.0,225.0,15.0,900.0
Cooking Essentials,Everest Shahi Biryani Masala,24500,0,6,24500,200,False,200,245.0,245.0,0.0,1470.0
Cooking Essentials,Gits Veg Biryani Ready to Eat,11000,10,6,9900,265,False,265,110.0,99.0,11.0,594.0
Cooking Essentials,Ceres Foods Laal Maas Instant Liquid Masala,22000,50,5,11000,200,False,200,220.0,110.0,110.0,550.0
Cooking Essentials,Popular Essentials Sattu Atta,9000,12,3,7900,500,False,500,90.0,79.0,11.0,237.0
Cooking Essentials,Popular Essentials Mustard Seeds Rai Yellow,2500,0,5,2500,100,False,100,25.0,25.0,0.0,125.0
Cooking Essentials,Praakritik Organic Extra Virgin Coconut Oil,15000,10,5,13400,100,False,100,150.0,134.0,16.0,670.0
Cooking Essentials,Praakritik Organic Garlic Powder,11000,1,5,10800,100,False,100,110.0,108.0,2.0,540.0
Cooking Essentials,Sugarfree Gold Low Calorie Sweetner,12500,5,6,11800,100,False,100,125.0,118.0,7.0,708.0
Cooking Essentials,Aashirvaad Breakfast Instant Mix - Rice Idli,7500,30,6,5200,200,False,200,75.0,52.0,23.0,312.0
Cooking Essentials,Kitchens Of India Mutter Paneer,13000,4,6,12400,285,False,285,130.0,124.0,6.0,744.0
Cooking Essentials,Ching's Secret Veg Manchurian Masala,4400,0,6,4400,60,False,60,44.0,44.0,0.0,264.0
Cooking Essentials,Delight Nuts Cranberries Sliced,29900,20,6,23900,200,False,200,299.0,239.0,60.0,1434.0
Cooking Essentials,Betty Crocker French Vanilla Cake Mix,31000,10,6,27600,520,False,520,310.0,276.0,34.0,1656.0
Cooking Essentials,Delight Nuts Dried Cranberries,34000,20,6,27200,200,False,200,340.0,272.0,68.0,1632.0
Cooking Essentials,Everest Kesari Milk Masala,20500,0,2,20500,50,False,50,205.0,205.0,0.0,410.0
Cooking Essentials,Delight Nuts Trail Mix,39900,25,6,29900,200,False,200,399.0,299.0,100.0,1794.0
Cooking Essentials,Praakritik Organic Chilka Moong Dal,12000,10,6,10800,500,False,500,120.0,108.0,12.0,648.0
Cooking Essentials,Smith & Jones Garlic & Herbs Masala Mix,9900,0,6,9900,75,False,75,99.0,99.0,0.0,594.0
Cooking Essentials,Eastern Tamarind,6300,0,6,6300,200,False,200,63.0,63.0,0.0,378.0
Cooking Essentials,Tong Garden Wasabi Coated Greenpeas Tin,20000,11,6,17800,180,False,180,200.0,178.0,22.0,1068.0
Cooking Essentials,Flying Bird Pineapple Artifical Food Essence,5000,2,6,4900,20,False,20,50.0,49.0,1.0,294.0
Cooking Essentials,Praakritik Organic Masoor Dal,13000,10,6,11600,500,False,500,130.0,116.0,14.0,696.0
Cooking Essentials,MTR Idli/Dosa/Chilly Chutney Powder,11500,0,3,11500,200,False,200,115.0,115.0,0.0,345.0
Cooking Essentials,Popular Essentials Classic Sona Masuri Rice,43000,10,6,38700,5000,False,5,430.0,387.0,43.0,2322.0
Cooking Essentials,Oleev Active Oil (Pouch),26500,9,6,23900,1000,False,1,265.0,239.0,26.0,1434.0
Cooking Essentials,Delight Nuts Dried Blueberries,54000,20,6,43200,150,False,150,540.0,432.0,108.0,2592.0
Cooking Essentials,Popular Essentials Double Beans White,6000,10,6,5400,250,False,250,60.0,54.0,6.0,324.0
Cooking Essentials,Delight Nuts Almond Natural,34900,20,6,27900,200,False,200,349.0,279.0,70.0,1674.0
Cooking Essentials,Praakritik Organic Jaggery,16000,6,6,15000,900,False,900,160.0,150.0,10.0,900.0
Cooking Essentials,Praakritik Organic Raw Sugar,9000,6,6,8400,500,False,500,90.0,84.0,6.0,504.0
Cooking Essentials,MTR Masala - Sambar Powder,11500,0,4,11500,200,False,200,115.0,115.0,0.0,460.0
Cooking Essentials,RRO Til Dil Premium Til Oil Bottle,17300,6,6,16200,500,False,500,173.0,162.0,11.0,972.0
Cooking Essentials,ITC Master Chef Vegetable Biryani Cooking Paste,7500,30,5,5200,80,False,80,75.0,52.0,23.0,260.0
Cooking Essentials,Jivana Jaggery,10000,0,2,10000,950,False,950,100.0,100.0,0.0,200.0
Cooking Essentials,Popular Essentials Salted Murmure,7000,18,6,5700,400,False,400,70.0,57.0,13.0,342.0
Cooking Essentials,Keya Italian Seasoning,10900,10,6,9800,35,False,35,109.0,98.0,11.0,588.0
Cooking Essentials,24 Mantra Organic Roasted Bengal Gram Dal,10500,7,6,9700,500,False,500,105.0,97.0,8.0,582.0
Cooking Essentials,Popular Essentials Soya Beans,8000,6,6,7500,500,False,500,80.0,75.0,5.0,450.0
Cooking Essentials,Tong Garden Salted Cocktail Nuts,29500,9,5,26600,160,False,160,295.0,266.0,29.0,1330.0
Cooking Essentials,MTR Uttapam Mix,16500,5,6,15600,500,False,500,165.0,156.0,9.0,936.0
Cooking Essentials,Gits Khaman Dhokla Instant Snack Mix,6500,6,6,6100,180,False,180,65.0,61.0,4.0,366.0
Cooking Essentials,Happilo Premium 100% Natural Whole Cashews,33500,29,6,23500,200,False,200,335.0,235.0,100.0,1410.0
Cooking Essentials,Everest Dry Mango Powder,8000,0,5,8000,100,False,100,80.0,80.0,0.0,400.0
Cooking Essentials,Dabur Hommade - Ginger Garlic Past Tub,11000,5,6,10400,400,False,400,110.0,104.0,6.0,624.0
Cooking Essentials,Everest Chicken Masala,14700,10,6,13200,200,False,200,147.0,132.0,15.0,792.0
Cooking Essentials,Gits Medu Vada Instant Snack Mix,9000,4,6,8600,200,False,200,90.0,86.0,4.0,516.0
Cooking Essentials,Weikfield Drinking Chocolate Powder,6500,10,6,5800,100,False,100,65.0,58.0,7.0,348.0
Cooking Essentials,Popular Essentials Regular White Lobia,7000,10,6,6300,500,False,500,70.0,63.0,7.0,378.0
Cooking Essentials,Puro Healthy Salt Crystal,13500,7,6,12500,1000,False,1,135.0,125.0,10.0,750.0
Cooking Essentials,Popular Essentials Premium Jeera Rice,14000,0,5,14000,1000,False,1,140.0,140.0,0.0,700.0
Cooking Essentials,Smith & Jones Shahi Paneer Masala Mix,4400,0,6,4400,60,False,60,44.0,44.0,0.0,264.0
Cooking Essentials,Betty Crocker Mug Treats - Chocolate Mix - Pack of 4,20000,11,6,17800,264,False,264,200.0,178.0,22.0,1068.0
Cooking Essentials,Smith & Jones Pasta Masala,6000,10,5,5400,108,False,108,60.0,54.0,6.0,270.0
Cooking Essentials,Catch Black Pepper Sprinkler,10000,0,1,10000,50,False,50,100.0,100.0,0.0,100.0
Cooking Essentials,Weikfield Cooker Cake Mix - Chocolate,9500,6,6,8900,150,False,150,95.0,89.0,6.0,534.0
Cooking Essentials,ITC Master Chef Butter Chicken,7500,30,6,5200,80,False,80,75.0,52.0,23.0,312.0
Cooking Essentials,Smith & Jones Mutter Paneer Masala,4200,0,6,4200,60,False,60,42.0,42.0,0.0,252.0
Cooking Essentials,Popular Essentials Fried Gram (Bengal Gram),7000,10,6,6300,500,False,500,70.0,63.0,7.0,378.0
Cooking Essentials,Gits Jalebi with Maker Dessert Mix,7500,16,6,6300,100,False,100,75.0,63.0,12.0,378.0
Cooking Essentials,24 Mantra Organic Chana Dal,9500,6,5,8900,500,False,500,95.0,89.0,6.0,445.0
Cooking Essentials,Praakritik Organic Besan,17000,6,6,15900,500,False,500,170.0,159.0,11.0,954.0
Cooking Essentials,Popular Essentials Urad Gola White(Un-Polished),9000,10,6,8100,500,False,500,90.0,81.0,9.0,486.0
Cooking Essentials,Satyam Nighties Spices  Chilli Kashmiri,10200,6,6,9500,100,False,100,102.0,95.0,7.0,570.0
Cooking Essentials,Popular Essentials Cloves (Lavang),7500,17,6,6200,50,False,50,75.0,62.0,13.0,372.0
Cooking Essentials,Suhana Paneer Tikka Masala Mix,4000,5,6,3800,50,False,50,40.0,38.0,2.0,228.0
Cooking Essentials,24 Mantra Turmeric Powder,3500,2,6,3400,100,False,100,35.0,34.0,1.0,204.0
Cooking Essentials,24 Mantra Super Grain Quinoa,19000,0,4,19000,500,False,500,190.0,190.0,0.0,760.0
Cooking Essentials,Everest Powder - Egg Curry Masala,4000,2,6,3900,50,False,50,40.0,39.0,1.0,234.0
Cooking Essentials,Popular Essentials Pe Shah Jeera,6000,15,6,5100,50,False,50,60.0,51.0,9.0,306.0
Cooking Essentials,24 Mantra Organic Sattu Atta,9500,0,6,9500,500,False,500,95.0,95.0,0.0,570.0
Cooking Essentials,Smith & Jones Pasta Masala,4600,0,6,4600,54,False,54,46.0,46.0,0.0,276.0
Cooking Essentials,Weikfield Vanilla Custard Powder,14200,9,3,12800,500,False,500,142.0,128.0,14.0,384.0
Cooking Essentials,Pillsbury Vanilla Custard Powder,3700,2,6,3600,100,False,100,37.0,36.0,1.0,216.0
Cooking Essentials,24 Mantra Organic Rajma,14500,0,6,14500,500,False,500,145.0,145.0,0.0,870.0
Cooking Essentials,Popular Essentials Broken Wheat/Daliya,3500,2,6,3400,500,False,500,35.0,34.0,1.0,204.0
Cooking Essentials,Smith & Jones Peri Peri Masala,9900,0,6,9900,75,False,75,99.0,99.0,0.0,594.0
Cooking Essentials,Popular Essentials Urad Dal Split (Un-Polished),8500,9,5,7700,500,False,500,85.0,77.0,8.0,385.0
Cooking Essentials,Weikfield Baking Powder,2200,0,6,2200,50,False,50,22.0,22.0,0.0,132.0
Cooking Essentials,Popular Essentials Bajra Whole,6500,13,6,5600,1000,False,1,65.0,56.0,9.0,336.0
Cooking Essentials,Weikfield Veg Jelly Crystals - Strawberry,4500,2,6,4400,90,False,90,45.0,44.0,1.0,264.0
Cooking Essentials,Sugarfree Natura Low Calorie Sweetner,30000,10,3,27000,42,False,42,300.0,270.0,30.0,810.0
Cooking Essentials,Weikfield Veg Jelly Crystals - Raspberry,4500,2,6,4400,90,False,90,45.0,44.0,1.0,264.0
Cooking Essentials,Pillsbury Atta With Multigrains Wheat Grains,29500,16,6,24500,5000,False,5,295.0,245.0,50.0,1470.0
Cooking Essentials,Ching's Veg Manchurian Masala,1000,0,2,1000,20,False,20,10.0,10.0,0.0,20.0
Cooking Essentials,Ceres Foods Fish Mustard Instant Liquid Masala,22000,50,6,11000,200,False,200,220.0,110.0,110.0,660.0
Cooking Essentials,Everest Garam Masala,15800,10,6,14200,200,False,200,158.0,142.0,16.0,852.0
Cooking Essentials,24 Mantra Organic Jowar Flour,7000,7,6,6500,500,False,500,70.0,65.0,5.0,390.0
Cooking Essentials,Maggi Coconut Milkpowder,10000,0,6,10000,100,False,100,100.0,100.0,0.0,600.0
Cooking Essentials,On1y Pepper Grinder,15900,9,1,14400,50,False,50,159.0,144.0,15.0,144.0
Cooking Essentials,Popular Essentials Rice Flour,6000,0,3,6000,1000,False,1,60.0,60.0,0.0,180.0
Cooking Essentials,24 Mantra Organic Brown Sona Masoori Rice,9500,0,6,9500,1000,False,1,95.0,95.0,0.0,570.0
Cooking Essentials,Happilo Premium Afghani Anjeer,36500,29,2,25600,200,False,200,365.0,256.0,109.0,512.0
Cooking Essentials,Everest Meat Masala Powder,7400,9,3,6700,100,False,100,74.0,67.0,7.0,201.0
Cooking Essentials,Popular Essentials Chiroti Sooji,3500,2,6,3400,500,False,500,35.0,34.0,1.0,204.0
Cooking Essentials,Popular Essentials Red Rajma,9000,10,6,8100,500,False,500,90.0,81.0,9.0,486.0
Cooking Essentials,Cornitos Peanut - Premium Salted,12000,10,6,10800,150,False,150,120.0,108.0,12.0,648.0
Cooking Essentials,Popular Essentials Black Pepper,10000,10,5,9000,100,False,100,100.0,90.0,10.0,450.0
Cooking Essentials,24 Mantra Organic Tur Dal - Split,13000,7,6,12000,500,False,500,130.0,120.0,10.0,720.0
Cooking Essentials,Sugarfree Gold Low Calorie Sweetner,6500,6,3,6100,110,False,100,65.0,61.0,4.0,183.0
Cooking Essentials,Ching's Secret Paneer Chilli Masala,1000,0,2,1000,20,False,20,10.0,10.0,0.0,20.0
Cooking Essentials,Dabur Honey,22000,7,3,20400,500,False,500,220.0,204.0,16.0,612.0
Cooking Essentials,Everest Tea Masala,5500,9,2,5000,50,False,50,55.0,50.0,5.0,100.0
Cooking Essentials,Ching's Paneer Chilli Masala,4400,0,4,4400,60,False,60,44.0,44.0,0.0,176.0
Cooking Essentials,RRO Til Dil Premium Til Oil Bottle,33000,10,5,29400,1000,False,1,330.0,294.0,36.0,1470.0
Cooking Essentials,Popular Essentials Masoor Dal Split (Un-Polished),7000,10,4,6300,500,False,500,70.0,63.0,7.0,252.0
Cooking Essentials,Popular Essentials Ajwain Whole,5000,12,2,4400,100,False,100,50.0,44.0,6.0,88.0
Cooking Essentials,Popular Essentials Pista Salted (With Shell),47000,21,5,37100,250,False,250,470.0,371.0,99.0,1855.0
Cooking Essentials,24 Mantra Sunflower Oil (Cold Pressed) Pet Bottle,39000,11,5,34700,1000,False,1,390.0,347.0,43.0,1735.0
Cooking Essentials,Dabur 100% Pure Honey - Worlds No.1,43000,10,6,38700,1000,False,1,430.0,387.0,43.0,2322.0
Cooking Essentials,Popular Essentials Star Anise,7000,10,5,6300,25,False,25,70.0,63.0,7.0,315.0
Cooking Essentials,Ching's Secret Chicken 65 Masala - Chicken,1000,0,5,1000,20,False,20,10.0,10.0,0.0,50.0
Cooking Essentials,Cadbury Cocoa Powder,22300,5,6,21100,150,False,150,223.0,211.0,12.0,1266.0
Cooking Essentials,Praakritik Natural Desi Gir Cow A2 Ghee,145000,10,6,130500,540,False,540,1450.0,1305.0,145.0,7830.0
Cooking Essentials,Praakritik Organic Poha,12000,6,5,11200,500,False,500,120.0,112.0,8.0,560.0
Cooking Essentials,Praakritik Organic Natural Wild Forest Honey,16000,6,4,15000,200,False,200,160.0,150.0,10.0,600.0
Cooking Essentials,Praakritik Organic Natural Rock Salt,6000,6,3,5600,500,False,500,60.0,56.0,4.0,168.0
Cooking Essentials,Popular Essentials Dry Dates (Kharak),14000,15,6,11800,250,False,250,140.0,118.0,22.0,708.0
Cooking Essentials,Dabur Hommade - Garlic Paste,5000,6,6,4700,200,False,200,50.0,47.0,3.0,282.0
Cooking Essentials,Dabur 100% Pure Honey,33000,10,1,29700,400,False,400,330.0,297.0,33.0,297.0
Cooking Essentials,Ching's Schezwan Fried Rice(Miracle Masala),4400,0,5,4400,60,False,60,44.0,44.0,0.0,220.0
Cooking Essentials,"""Maggi Magic Cubes, Vegetarian Masala""",3500,2,1,3400,40,False,40,35.0,34.0,1.0,34.0
Cooking Essentials,Everest Tandoori Chicken Masala,7400,9,3,6700,100,False,100,74.0,67.0,7.0,201.0
Cooking Essentials,Popular Essentials Red Poha,4500,4,6,4300,500,False,500,45.0,43.0,2.0,258.0
Cooking Essentials,Everest Kitchen King Masala,14200,9,6,12800,200,False,200,142.0,128.0,14.0,768.0
Cooking Essentials,Pillsbury Oven Cake Mix - Rich Chocolate,16500,10,5,14700,285,False,285,165.0,147.0,18.0,735.0
Cooking Essentials,Eastern Super Garam Masala,7400,6,2,6900,200,False,200,74.0,69.0,5.0,138.0
Cooking Essentials,Maggi Magic Cubes Extra Chicken,4000,2,6,3900,48,False,48,40.0,39.0,1.0,234.0
Cooking Essentials,Popular Essentials Kashmiri Red Rajma,9500,6,4,8900,500,False,500,95.0,89.0,6.0,356.0
Cooking Essentials,24 Mantra Organic Masoor Dal - Split,9500,7,6,8800,500,False,500,95.0,88.0,7.0,528.0
Cooking Essentials,Popular Essentials Green Moong Whole,9000,16,3,7500,500,False,500,90.0,75.0,15.0,225.0
Cooking Essentials,24 Mantra Organic Black Pepper,17000,7,6,15700,100,False,100,170.0,157.0,13.0,942.0
Cooking Essentials,The Bake Shop Bread Crumbs,5000,6,3,4700,400,False,400,50.0,47.0,3.0,141.0
Cooking Essentials,Popular Essentials Horse Gram,4000,10,4,3600,500,False,500,40.0,36.0,4.0,144.0
Cooking Essentials,Hershey's Chocolate Syrup,9500,0,4,9500,200,False,200,95.0,95.0,0.0,380.0
Cooking Essentials,Everest Kasuri Methi,2500,0,6,2500,25,False,25,25.0,25.0,0.0,150.0
Cooking Essentials,Satyam Makhana,20800,0,6,20800,100,False,100,208.0,208.0,0.0,1248.0
Cooking Essentials,Everest Tandoori Chicken Masala,3900,2,5,3800,50,False,50,39.0,38.0,1.0,190.0
Cooking Essentials,Weikfield Falooda Mix - Kesar Pista,4900,2,3,4800,200,False,200,49.0,48.0,1.0,144.0
Cooking Essentials,Weikfield Cocoa Powder,7000,7,6,6500,50,False,50,70.0,65.0,5.0,390.0
Cooking Essentials,Popular Essentials Coriander Seeds,1500,0,5,1500,50,False,50,15.0,15.0,0.0,75.0
Cooking Essentials,Eastern Fish Masala,4800,2,5,4700,100,False,100,48.0,47.0,1.0,235.0
Cooking Essentials,Pillsbury Atta/Godihittu - Chakki Fresh,27500,0,6,27500,5000,False,5,275.0,275.0,0.0,1650.0
Cooking Essentials,"Oleev Smart Oil Fortified with VIT A, D, E & K (Pouch)",21500,9,4,19400,1000,False,1,215.0,194.0,21.0,776.0
Cooking Essentials,Everest Dry Ginger Powder,7500,9,4,6800,100,False,100,75.0,68.0,7.0,272.0
Cooking Essentials,Pillsbury Cooker Cake Mix - Choco,10000,11,6,8900,159,False,159,100.0,89.0,11.0,534.0
Cooking Essentials,Hersheys Chocolate Almond Syrup,20000,0,2,20000,450,False,450,200.0,200.0,0.0,400.0
Cooking Essentials,Satyam Nighties Spices  Chilli Pandi,5600,7,5,5200,100,False,100,56.0,52.0,4.0,260.0
Cooking Essentials,Popular Essentials Popular Essential Pista Salted (With Shell),19000,10,6,17100,100,False,100,190.0,171.0,19.0,1026.0
Cooking Essentials,Popular Essentials Rozana Sona Masuri Raw Rice,35000,10,5,31200,5000,False,5,350.0,312.0,38.0,1560.0
Cooking Essentials,24 Mantra Mustard Oil (Cold Pressed),35000,10,6,31200,1000,False,1,350.0,312.0,38.0,1872.0
Cooking Essentials,Eastern Cumin Powder,4900,2,6,4800,100,False,100,49.0,48.0,1.0,288.0
Cooking Essentials,MTR Instant Gulab Jamun Mix,19500,9,6,17600,500,False,500,195.0,176.0,19.0,1056.0
Cooking Essentials,ITC Master Chef Hyderabadi Biryani,7500,30,5,5200,80,False,80,75.0,52.0,23.0,260.0
Cooking Essentials,On1y Mixed Herbs,9900,0,6,9900,14,False,14,99.0,99.0,0.0,594.0
Cooking Essentials,Fortune Soyabean Oil,100500,0,6,99900,5000,False,5,1005.0,999.0,6.0,5994.0
Cooking Essentials,Aashirvaad Multigrain Atta,6400,3,2,6200,1000,False,1,64.0,62.0,2.0,124.0
Cooking Essentials,Popular Essentials Pure Jaggery,5000,2,6,4900,450,False,450,50.0,49.0,1.0,294.0
Cooking Essentials,Amul Ghee (Tin),52000,2,6,50900,1000,False,1,520.0,509.0,11.0,3054.0
Cooking Essentials,Popular Essentials Toor Dal (Un-Polished),16000,6,4,14900,1000,False,1,160.0,149.0,11.0,596.0
Cooking Essentials,Aashirvaad Atta,46000,13,6,39900,10000,False,10,460.0,399.0,61.0,2394.0
Cooking Essentials,Amul Pure Ghee (Pouch),50500,1,2,49900,1000,False,1,505.0,499.0,6.0,998.0
Cooking Essentials,Saffola Active Oil,21000,0,6,21000,1000,False,1,210.0,210.0,0.0,1260.0
Cooking Essentials,Fortune Rice Bran (Pouch),22500,11,6,19900,1000,False,1,225.0,199.0,26.0,1194.0
Cooking Essentials,Popular Essentials Sunflower Seeds,2500,0,6,2500,50,False,50,25.0,25.0,0.0,150.0
Cooking Essentials,Fortune Sunlite Refined Sunflower (Jar),92500,0,6,92500,5000,False,5,925.0,925.0,0.0,5550.0
Cooking Essentials,Tata Salt Lite,4000,10,6,3600,1000,False,1,40.0,36.0,4.0,216.0
Cooking Essentials,Amul Pure Ghee (Pouch),25500,2,6,24900,500,False,500,255.0,249.0,6.0,1494.0
Cooking Essentials,Aashirvaad Superior MP Atta,25000,2,6,24500,5000,False,5,250.0,245.0,5.0,1470.0
Cooking Essentials,Fortune Sunlite Refined Sunflower (Pouch),23000,4,6,21900,1000,False,1,230.0,219.0,11.0,1314.0
Cooking Essentials,Maggi Magic Cubes Extra Chicken,19900,0,2,19900,240,False,240,199.0,199.0,0.0,398.0
Cooking Essentials,Tata Salt,2400,0,6,2400,1000,False,1,24.0,24.0,0.0,144.0
Cooking Essentials,Saffola Gold Oil (Pouch),21500,0,6,21500,1000,False,1,215.0,215.0,0.0,1290.0
Cooking Essentials,Tata Sampann kabuli chana,18500,1,4,18300,1000,False,500,185.0,183.0,2.0,732.0
Cooking Essentials,Dhara Groundnut Oil (Pouch),23000,11,6,20300,1000,False,1,230.0,203.0,27.0,1218.0
Cooking Essentials,Dhara Health Refined Sun Flower Oil Jar,120000,18,6,98400,5000,False,5,1200.0,984.0,216.0,5904.0
Cooking Essentials,Tata Sampann Kala Chana,12500,0,0,12500,1000,True,1,125.0,125.0,0.0,0.0
Cooking Essentials,India Gate Basmati Rice,21000,0,0,21000,1000,True,1,210.0,210.0,0.0,0.0
Cooking Essentials,24 Mantra Organic Whole Wheat Atta,6400,7,0,5900,1000,True,1,64.0,59.0,5.0,0.0
Cooking Essentials,Sugarlite 50% Less Calories Sugar Pouch,9900,40,0,5900,500,True,500,99.0,59.0,40.0,0.0
Cooking Essentials,Popular Essentials Sabja/Basil Seeds,6000,15,0,5100,100,True,100,60.0,51.0,9.0,0.0
Cooking Essentials,Patanjali Pure Honey,9500,0,0,9500,250,True,250,95.0,95.0,0.0,0.0
Cooking Essentials,Weikfield Falooda Mix - Mango,4900,2,0,4800,200,True,200,49.0,48.0,1.0,0.0
Cooking Essentials,Pro Nature Organic Sonamasoori Brown Rice,10200,7,0,9400,1000,True,1,102.0,94.0,8.0,0.0
Cooking Essentials,Everest Saffron Kesar,12000,0,0,12000,1,True,0,120.0,120.0,0.0,0.0
Cooking Essentials,Tata Sampann Unpolished Moong Dal,9200,4,4,8800,500,False,500,92.0,88.0,4.0,352.0
Cooking Essentials,Gowardhan Ghee/Tuppa Jar,31500,1,6,30900,500,False,500,315.0,309.0,6.0,1854.0
Cooking Essentials,Dabur Ginger Garlic Paste,2500,8,3,2300,100,False,100,25.0,23.0,2.0,69.0
Cooking Essentials,Dhara Kachi Ghani Mustard Oil Jar,125000,8,6,114300,5000,False,5,1250.0,1143.0,107.0,6858.0
Cooking Essentials,Tata Sampann High Protien Kabuli Chana,9400,0,1,9400,500,False,500,94.0,94.0,0.0,94.0
Cooking Essentials,24 Mantra Organic Jaggery Powder,8000,15,6,6800,500,False,500,80.0,68.0,12.0,408.0
Cooking Essentials,Keya Italian Pizza Oregano,10900,11,0,9700,80,True,80,109.0,97.0,12.0,0.0
Cooking Essentials,RRO Primio Refined Groundnut Oil Pet Bottle,25500,6,2,23900,1000,False,1,255.0,239.0,16.0,478.0
Cooking Essentials,"""Maggi Magic Cubes, Vegetarian Masala (Free 2 Cubes Inside)""",3500,2,6,3400,48,False,48,35.0,34.0,1.0,204.0
Cooking Essentials,Popular Essentials Black Urad Split,8000,10,4,7200,500,False,500,80.0,72.0,8.0,288.0
Cooking Essentials,Popular Essentials HMT Kolam Steam,7500,0,3,7500,1000,False,1,75.0,75.0,0.0,225.0
Cooking Essentials,Popular Essentials Green Moong Chilka/Chilka (Un-Polished),8500,7,5,7900,500,False,500,85.0,79.0,6.0,395.0
Cooking Essentials,Pillsbury Atta/Godihittu - Chakki Fresh,10200,7,4,9400,2000,False,2,102.0,94.0,8.0,376.0
Cooking Essentials,Sundrop Super Lite Advanced - Sunflower Oil,21500,0,4,21500,1000,False,1,215.0,215.0,0.0,860.0
Cooking Essentials,Popular Essentials Cinnamon Whole (Dalchini),3500,5,6,3300,25,False,25,35.0,33.0,2.0,198.0
Cooking Essentials,24 Mantra Organic Ragi Flour,6500,20,4,5200,500,False,500,65.0,52.0,13.0,208.0
Cooking Essentials,24 Mantra Organic Wheat Daliya,4800,2,2,4700,500,False,500,48.0,47.0,1.0,94.0
Cooking Essentials,24 Mantra Organic Puffed Rice,4000,2,6,3900,200,False,200,40.0,39.0,1.0,234.0
Cooking Essentials,Dabur Honey - World's No.1,12000,0,6,12000,250,False,250,120.0,120.0,0.0,720.0
Cooking Essentials,Keya Oregano,10900,10,5,9800,9,False,9,109.0,98.0,11.0,490.0
Cooking Essentials,24 Mantra Red Chilly Whole,7000,7,1,6500,100,False,100,70.0,65.0,5.0,65.0
Cooking Essentials,Hershey's Chocolate Flavour Syrup,22000,6,6,20500,623,False,680,220.0,205.0,15.0,1230.0
Cooking Essentials,Everest Pav Bhaji Masala,7000,0,2,7000,100,False,100,70.0,70.0,0.0,140.0
Cooking Essentials,Satyam Puffed Rice Kurmura (A),4300,0,6,4300,200,False,200,43.0,43.0,0.0,258.0
Cooking Essentials,Pillsbury Multi Grain Atta,6000,6,3,5600,1000,False,1,60.0,56.0,4.0,168.0
Cooking Essentials,Hershey's Caramel Syrup,23000,0,1,23000,623,False,623,230.0,230.0,0.0,230.0
Cooking Essentials,Dhara Filtered Groundnut Oil (Jar),105000,1,6,103500,5000,False,5,1050.0,1035.0,15.0,6210.0
Cooking Essentials,Popular Essentials Dhania (Coriander Seeds),5500,16,4,4600,200,False,200,55.0,46.0,9.0,184.0
Cooking Essentials,Popular Essentials Pink Rajma,10000,10,6,9000,500,False,500,100.0,90.0,10.0,540.0
Cooking Essentials,Everest Chicken Masala,7400,2,6,7200,100,False,100,74.0,72.0,2.0,432.0
Cooking Essentials,Popular Essentials HMT Kolam Steam,37000,10,6,33300,5000,False,5,370.0,333.0,37.0,1998.0
Cooking Essentials,Everest Chole Masala,3300,3,1,3200,50,False,50,33.0,32.0,1.0,32.0
Cooking Essentials,Popular Essentials Idli Rice,6000,10,4,5400,1000,False,1,60.0,54.0,6.0,216.0
Cooking Essentials,Popular Essentials Black Cardamom/Elaichi,10000,10,6,9000,50,False,50,100.0,90.0,10.0,540.0
Cooking Essentials,Dabur Keora water - Authentic flavour for Biryani's and Desserts,6200,6,6,5800,250,False,250,62.0,58.0,4.0,348.0
Cooking Essentials,Ching's Chicken Chilli Masala,1000,0,6,1000,20,False,20,10.0,10.0,0.0,60.0
Cooking Essentials,Cadbury Hot Chocolate,17500,5,6,16600,200,False,200,175.0,166.0,9.0,996.0
Cooking Essentials,Popular Essentials Methi Seeds,2500,0,5,2500,100,False,100,25.0,25.0,0.0,125.0
Cooking Essentials,Eastern Chicken Masala,7000,7,3,6500,100,False,100,70.0,65.0,5.0,195.0
Cooking Essentials,Amul Milk Compound Chocolate Slab,11000,2,6,10700,500,False,500,110.0,107.0,3.0,642.0
Cooking Essentials,Aashirvaad Select Atta,6400,0,6,6400,1000,False,1,64.0,64.0,0.0,384.0
Cooking Essentials,Mothers Recipe Papad Chana Masala,7900,10,6,7100,200,False,200,79.0,71.0,8.0,426.0
Cooking Essentials,Amul Dark Compound Chocolate Slab,12500,2,6,12200,500,False,500,125.0,122.0,3.0,732.0
Cooking Essentials,Popular Essentials White Til,4000,5,1,3800,100,False,100,40.0,38.0,2.0,38.0
Cooking Essentials,Everest Rajma Masala,3300,3,5,3200,50,False,50,33.0,32.0,1.0,160.0
Cooking Essentials,Cornitos Cornitos Taco Shells - 4 Inches,11000,20,6,8800,80,False,80,110.0,88.0,22.0,528.0
Cooking Essentials,Popular Essentials Californian Almond,69500,32,6,47000,500,False,500,695.0,470.0,225.0,2820.0
Cooking Essentials,Everest Sabji Masala,3000,3,6,2900,50,False,50,30.0,29.0,1.0,174.0
Cooking Essentials,Flying Bird Vanilla Essence,3500,2,6,3400,20,False,20,35.0,34.0,1.0,204.0
Cooking Essentials,Everest Shahi Paneer Masala,4200,4,5,4000,50,False,50,42.0,40.0,2.0,200.0
Cooking Essentials,Popular Essentials Cooking Soda,3000,10,6,2700,200,False,200,30.0,27.0,3.0,162.0
Cooking Essentials,Popular Essentials Buckwheat Flour (Kuttu Atta),12500,9,0,11300,500,True,500,125.0,113.0,12.0,0.0
Cooking Essentials,Popular Essentials Misri Dana (Diamond Sugar),1500,0,4,1500,100,False,100,15.0,15.0,0.0,60.0
Cooking Essentials,Popular Essentials Samba Broken Wheat,10000,11,6,8900,500,False,500,100.0,89.0,11.0,534.0
Cooking Essentials,24 Mantra Organic Cumin Powder,7000,0,6,7000,100,False,100,70.0,70.0,0.0,420.0
Cooking Essentials,24 Mantra Organic Pancharatna Dal - Split,13000,7,6,12000,500,False,500,130.0,120.0,10.0,720.0
Cooking Essentials,24 Mantra Sona Masuri Brown Rice,47500,10,6,42300,5000,False,5,475.0,423.0,52.0,2538.0
Cooking Essentials,Dhara Filtered Groundnut Oil (Jar),105000,0,2,105000,5000,False,5,1050.0,1050.0,0.0,2100.0
Cooking Essentials,Maggi Magic Cubes Extra Chicken,19900,10,6,17900,240,False,240,199.0,179.0,20.0,1074.0
Cooking Essentials,Praakritik Organic Yellow Moon Dal,13500,0,6,13500,500,False,500,135.0,135.0,0.0,810.0
Cooking Essentials,Popular Essentials Byadagi Chilli Stemless,8000,0,6,8000,100,False,100,80.0,80.0,0.0,480.0
Cooking Essentials,Hershey's Chocolate Milk Booster,20000,0,6,20000,450,False,450,200.0,200.0,0.0,1200.0
Cooking Essentials,Pillsbury Oven Cake Mix - Vanilla,17500,10,6,15600,225,False,225,175.0,156.0,19.0,936.0
Cooking Essentials,Betty Crocker Chocolate Fudge Cake Mix,29500,0,6,29500,475,False,475,295.0,295.0,0.0,1770.0
Cooking Essentials,Figaro Pure Olive Oil,32500,8,1,29900,200,False,200,325.0,299.0,26.0,299.0
Cooking Essentials,Praakritik Organic Tuvar Dal,14000,0,6,14000,500,False,500,140.0,140.0,0.0,840.0
Cooking Essentials,RRO Primio Refined Groundnut (Jar),49000,11,6,43600,2000,False,2,490.0,436.0,54.0,2616.0
Cooking Essentials,Epicurea Thai Jasmine Rice,29500,0,4,29500,500,False,500,295.0,295.0,0.0,1180.0
Cooking Essentials,Sugarfree Gold Low Calorie Sweetner,27000,7,6,25100,50,False,50,270.0,251.0,19.0,1506.0
Cooking Essentials,Praakritik Organic Jowar Atta,11000,6,6,10300,500,False,500,110.0,103.0,7.0,618.0
Cooking Essentials,Pillsbury Rich Choco Oven Cake Mix - Egg Free,17000,6,6,15900,270,False,270,170.0,159.0,11.0,954.0
Cooking Essentials,Popular Essentials Nylon Til,4000,2,6,3900,100,False,100,40.0,39.0,1.0,234.0
Cooking Essentials,Sugarfree Gold Low Calorie Sweetner,18500,5,3,17500,300,False,300,185.0,175.0,10.0,525.0
Cooking Essentials,Borges Extra Light Olive Oil Bottle,260000,46,6,139900,2000,False,2,2600.0,1399.0,1201.0,8394.0
Cooking Essentials,Flying Bird Premium Orange Artificial Food Essence,6000,0,6,6000,20,False,20,60.0,60.0,0.0,360.0
Cooking Essentials,Popular Essentials Red Cherry/Gundu Chilli,9500,0,6,9500,100,False,100,95.0,95.0,0.0,570.0
Cooking Essentials,Everest Turmeric Powder,6700,10,0,6000,200,True,200,67.0,60.0,7.0,0.0
Cooking Essentials,On1y Salad Seasoning Grinder,13900,0,6,13900,45,False,45,139.0,139.0,0.0,834.0
Cooking Essentials,Suhana Mutton Gravy Mix,4500,0,4,4500,80,False,80,45.0,45.0,0.0,180.0
Cooking Essentials,Praakritik Organic Ginger Powder,13900,10,6,12500,100,False,100,139.0,125.0,14.0,750.0
Cooking Essentials,Everest Kesari Milk Masala,20500,0,6,20500,50,False,20,205.0,205.0,0.0,1230.0
Cooking Essentials,Delight Nuts Berries Mix,39900,20,6,31900,200,False,200,399.0,319.0,80.0,1914.0
Cooking Essentials,On1y Sea Salt Grinder,8900,0,6,8900,100,False,100,89.0,89.0,0.0,534.0
Cooking Essentials,Weikfield Veg Jelly Crystals - Orange,4500,2,6,4400,90,False,90,45.0,44.0,1.0,264.0
Cooking Essentials,Satyam Nighties Spices  Chilli Bore,8900,10,6,8000,100,False,100,89.0,80.0,9.0,480.0
Cooking Essentials,Smith & Jones Italian Spices Masala Mix,9900,0,6,9900,75,False,75,99.0,99.0,0.0,594.0
Cooking Essentials,Sugarfree Natural Green Stevia Leaves Zero Calorie,7500,0,2,7500,100,False,100,75.0,75.0,0.0,150.0
Cooking Essentials,Epicurea Sushi Rice,29500,0,6,29500,500,False,500,295.0,295.0,0.0,1770.0
Cooking Essentials,Praakritik Organic Kapli Wheat Atta,16500,10,6,14700,1000,False,1,165.0,147.0,18.0,882.0
Cooking Essentials,Weikfield Cooker Cake Mix - Vanilla,9500,0,6,9500,150,False,150,95.0,95.0,0.0,570.0
Cooking Essentials,Aashirvaad Svasti Cow Ghee Tetra Pack,29500,0,6,29500,500,False,500,295.0,295.0,0.0,1770.0
Cooking Essentials,On1y Pizza Seasoning,9900,0,6,9900,28,False,28,99.0,99.0,0.0,594.0
Cooking Essentials,Praakritik Organic Indrayani Rice,7000,0,6,7000,500,False,500,70.0,70.0,0.0,420.0
Cooking Essentials,On1y Pasta Seasoning,9900,0,6,9900,30,False,30,99.0,99.0,0.0,594.0
Cooking Essentials,MTR Vada Breakfast,20000,0,1,20000,500,False,500,200.0,200.0,0.0,200.0
Cooking Essentials,Flying Bird Food Essence - Kewra,5000,0,6,5000,20,False,20,50.0,50.0,0.0,300.0
Cooking Essentials,Super Saver Kolam Rice Sortex Clean,70000,10,3,63000,5000,False,5,700.0,630.0,70.0,1890.0
Cooking Essentials,On1y Black Salt Grinder,9900,0,6,9900,100,False,100,99.0,99.0,0.0,594.0
Cooking Essentials,Suhana Biryani Masala,6600,0,6,6600,50,False,50,66.0,66.0,0.0,396.0
Cooking Essentials,Suhana Spice Mix - Chicken Biryani,6600,0,6,6600,50,False,50,66.0,66.0,0.0,396.0
Cooking Essentials,Ceres Foods Nalli Nihari Instant Liquid Masala,22000,50,6,11000,200,False,200,220.0,110.0,110.0,660.0
Cooking Essentials,Tata Sampann High Protien Toor Dal - Split,9100,2,0,8900,500,True,500,91.0,89.0,2.0,0.0
Cooking Essentials,Everest Chat Masala,6500,9,0,5900,100,True,100,65.0,59.0,6.0,0.0
Cooking Essentials,Popular Essentials Black Brown Chana (Un-Polished),5500,9,0,5000,500,True,500,55.0,50.0,5.0,0.0
Cooking Essentials,Dabur Ginger Garlic Paste,5000,6,0,4700,200,True,200,50.0,47.0,3.0,0.0
Cooking Essentials,Everest Kashmiri Lal Chilli Powder,31000,10,0,27900,500,True,500,310.0,279.0,31.0,0.0
Cooking Essentials,Popular Essentials Black Raisins Seedless,6000,10,0,5400,100,True,100,60.0,54.0,6.0,0.0
Cooking Essentials,Daawat Rozana Super Basmati Rice,7900,0,0,7900,1000,True,1,79.0,79.0,0.0,0.0
Cooking Essentials,Everest Cumin Powder (Jeera),3000,3,0,2900,50,True,50,30.0,29.0,1.0,0.0
Cooking Essentials,Everest Sambhar Masala,3400,2,0,3300,50,True,50,34.0,33.0,1.0,0.0
Cooking Essentials,Popular Essentials Mustard Seeds Rai Big,2000,0,0,2000,100,True,100,20.0,20.0,0.0,0.0
Cooking Essentials,Patanjali Cow's Ghee,56500,0,0,56500,1000,True,1,565.0,565.0,0.0,0.0
Cooking Essentials,Borges Canola Oil Pet Bottle,39900,0,6,39900,1000,False,1,399.0,399.0,0.0,2394.0
Cooking Essentials,Daawat Super Basmati Rice,18500,8,0,16900,1000,True,1,185.0,169.0,16.0,0.0
Cooking Essentials,Popular Essentials Sabudana,6000,10,0,5400,500,True,500,60.0,54.0,6.0,0.0
Cooking Essentials,Popular Essentials Brown Sugar,4000,0,0,4000,500,True,500,40.0,40.0,0.0,0.0
Cooking Essentials,Everest Coriander Powder,7000,10,0,6300,200,True,200,70.0,63.0,7.0,0.0
Cooking Essentials,Tata Tea Gold,3500,0,0,3500,100,True,200,35.0,35.0,0.0,0.0
Cooking Essentials,Daawat Rozana Gold Basmati Rice,9000,1,0,8900,1000,True,1,90.0,89.0,1.0,0.0
Cooking Essentials,Tata Sampann Moong Chilka,8800,6,0,8200,500,True,500,88.0,82.0,6.0,0.0
Cooking Essentials,Satyam Singdana,11900,6,0,11100,500,True,500,119.0,111.0,8.0,0.0
Cooking Essentials,Everest Amchur Powder,4200,2,0,4100,50,True,50,42.0,41.0,1.0,0.0
Cooking Essentials,Popular Essentials Sona Masouri Raw Rice,7500,0,0,7500,1000,True,1,75.0,75.0,0.0,0.0
Cooking Essentials,Praakritik Organic Basmati Rice,17000,0,5,17000,500,False,500,170.0,170.0,0.0,850.0
Cooking Essentials,Tata Sampann High Protien Chana Dal - Split,6400,0,0,6400,500,True,500,64.0,64.0,0.0,0.0
Cooking Essentials,Gits Dessert Mix China Grass Bombay Halwa,5500,0,4,5500,80,False,80,55.0,55.0,0.0,220.0
Cooking Essentials,Popular Essentials Urad Gola Black (Un-Polished),8000,10,6,7200,500,False,500,80.0,72.0,8.0,432.0
Cooking Essentials,Madhur Pure And Hygienic Sugar,29500,9,0,26600,5000,True,5,295.0,266.0,29.0,0.0
Cooking Essentials,Satyam Poha Jada,3500,8,0,3200,500,True,500,35.0,32.0,3.0,0.0
Cooking Essentials,Aashirvaad Superior MP Whole Wheat Atta,5300,1,0,5200,1000,True,1,53.0,52.0,1.0,0.0
Cooking Essentials,Fortune Soyabean Oil,21000,13,0,18100,1000,True,1,210.0,181.0,29.0,0.0
Cooking Essentials,Maggi Masala Ae Magic,5800,6,0,5400,72,True,72,58.0,54.0,4.0,0.0
Cooking Essentials,Aashirvaad Iodised Salt,2200,13,0,1900,1000,True,1,22.0,19.0,3.0,0.0
Cooking Essentials,Madhur Sugar,6000,6,0,5600,1000,True,1,60.0,56.0,4.0,0.0
Cooking Essentials,Popular Essentials Phool Makhana (Jumbo Size),15000,14,0,12800,100,True,100,150.0,128.0,22.0,0.0
Cooking Essentials,Satyam Thin Poha Patla,3800,7,0,3500,500,True,500,38.0,35.0,3.0,0.0
Cooking Essentials,Tata Sampann Unpolished Toor Dal/Arhar Dal,17900,1,0,17700,1000,True,200,179.0,177.0,2.0,0.0
Cooking Essentials,Everest Coriander Powder,3200,3,0,3100,100,True,100,32.0,31.0,1.0,0.0
Cooking Essentials,Everest Tikhalal Hot & Red Chilly Powder,4700,2,0,4600,100,True,100,47.0,46.0,1.0,0.0
Cooking Essentials,Popular Essentials Chia Seeds,5000,2,0,4900,100,True,100,50.0,49.0,1.0,0.0
Cooking Essentials,Fortune Besan Flour,12000,0,0,12000,1000,True,1,120.0,120.0,0.0,0.0
Cooking Essentials,Tata Sampann Poha,4400,6,0,4100,500,True,500,44.0,41.0,3.0,0.0
Cooking Essentials,Aashirvaad Atta With Mutigrains,31500,8,0,28700,5000,True,5,315.0,287.0,28.0,0.0
Cooking Essentials,Popular Essentials Toor Dal (Un-Polished),8000,7,0,7400,500,True,500,80.0,74.0,6.0,0.0
Fruits & Vegetables,Onion,2500,16,3,2100,1000,False,1,25.0,21.0,4.0,63.0
Fruits & Vegetables,Apple Royal Gala,18900,15,3,15900,232,False,4,189.0,159.0,30.0,477.0
Fruits & Vegetables,Papaya Cut,4600,15,3,3900,200,False,200,46.0,39.0,7.0,117.0
Fruits & Vegetables,Ridge Gourd,3000,16,3,2500,500,False,500,30.0,25.0,5.0,75.0
Fruits & Vegetables,Parsley,1700,17,3,1400,100,False,100,17.0,14.0,3.0,42.0
Fruits & Vegetables,Basil,2000,15,3,1700,100,False,100,20.0,17.0,3.0,51.0
Fruits & Vegetables,Pineapple,9400,15,3,7900,58,False,1,94.0,79.0,15.0,237.0
Fruits & Vegetables,Apple Kinnaur,14200,16,6,11900,232,False,4,142.0,119.0,23.0,714.0
Fruits & Vegetables,Zucchini Yellow,4200,16,3,3500,250,False,500,42.0,35.0,7.0,105.0
Fruits & Vegetables,Dragon Fruit Imported,7000,15,3,5900,58,False,1,70.0,59.0,11.0,177.0
Fruits & Vegetables,Orange,5400,16,3,4500,116,False,2,54.0,45.0,9.0,135.0
Fruits & Vegetables,Pineapple Slice,8900,15,3,7500,200,False,200,89.0,75.0,14.0,225.0
Fruits & Vegetables,Sweet Potato,3800,15,3,3200,500,False,500,38.0,32.0,6.0,96.0
Fruits & Vegetables,Tomato Cherry,3500,17,3,2900,200,False,200,35.0,29.0,6.0,87.0
Fruits & Vegetables,Colocasia,2900,17,6,2400,500,False,500,29.0,24.0,5.0,144.0
Fruits & Vegetables,Raw Banana,2000,15,6,1700,500,False,500,20.0,17.0,3.0,102.0
Fruits & Vegetables,Beans Broad,4200,16,3,3500,250,False,250,42.0,35.0,7.0,105.0
Fruits & Vegetables,Zucchini Green,3500,17,3,2900,250,False,250,35.0,29.0,6.0,87.0
Fruits & Vegetables,Mixed Sprouts,3500,17,3,2900,200,False,200,35.0,29.0,6.0,87.0
Fruits & Vegetables,Baby Corn Peeled,3500,17,3,2900,250,False,250,35.0,29.0,6.0,87.0
Fruits & Vegetables,Lettuce Green,2300,17,3,1900,100,False,100,23.0,19.0,4.0,57.0
Fruits & Vegetables,Pomegranate Peeled,5800,15,2,4900,100,False,100,58.0,49.0,9.0,98.0
Fruits & Vegetables,Pear Green Imported,8200,15,3,6900,116,False,2,82.0,69.0,13.0,207.0
Fruits & Vegetables,Guava Thai,7000,15,3,5900,116,False,2,70.0,59.0,11.0,177.0
Fruits & Vegetables,Lettuce Red,2000,15,3,1700,100,False,100,20.0,17.0,3.0,51.0
Fruits & Vegetables,Moong Sprouts,3500,17,0,2900,200,True,200,35.0,29.0,6.0,0.0
Fruits & Vegetables,Beetroot,1100,18,0,900,250,True,250,11.0,9.0,2.0,0.0
Fruits & Vegetables,Carrot,1300,15,0,1100,250,True,200,13.0,11.0,2.0,0.0
Fruits & Vegetables,Garlic,1700,23,3,1300,200,False,200,17.0,13.0,4.0,39.0
Fruits & Vegetables,Carrot,1900,21,3,1500,500,False,500,19.0,15.0,4.0,45.0
Fruits & Vegetables,Capsicum,2600,19,3,2100,500,False,500,26.0,21.0,5.0,63.0
Fruits & Vegetables,Beetroot,1600,18,3,1300,500,False,500,16.0,13.0,3.0,39.0
Fruits & Vegetables,Zama Organics Sweet Potato,3700,16,3,3100,250,False,250,37.0,31.0,6.0,93.0
Fruits & Vegetables,Chilli Bhaji,3000,16,3,2500,250,False,250,30.0,25.0,5.0,75.0
Fruits & Vegetables,Sponge Gourd,2500,16,2,2100,300,False,300,25.0,21.0,4.0,42.0
Fruits & Vegetables,Banana Leaf,1200,16,2,1000,58,False,1,12.0,10.0,2.0,20.0
Fruits & Vegetables,Avocado Indian Premium,17700,15,3,14900,58,False,1,177.0,149.0,28.0,447.0
Fruits & Vegetables,Radish White,2300,17,6,1900,500,False,500,23.0,19.0,4.0,114.0
Fruits & Vegetables,Banana Red,5400,16,6,4500,500,False,500,54.0,45.0,9.0,270.0
Fruits & Vegetables,Pumpkin Cut,3000,16,3,2500,200,False,200,30.0,25.0,5.0,75.0
Fruits & Vegetables,Banana Nendran,5400,16,6,4500,500,False,500,54.0,45.0,9.0,270.0
Fruits & Vegetables,Biryani /Pulav Mix,5800,15,3,4900,250,False,250,58.0,49.0,9.0,147.0
Fruits & Vegetables,Mango Raw,6000,16,3,5000,500,False,500,60.0,50.0,10.0,150.0
Fruits & Vegetables,Zama Organics Carrot,2000,15,3,1700,250,False,250,20.0,17.0,3.0,51.0
Fruits & Vegetables,Amla,3200,15,3,2700,250,False,250,32.0,27.0,5.0,81.0
Fruits & Vegetables,Sapota,3000,16,3,2500,348,False,6,30.0,25.0,5.0,75.0
Fruits & Vegetables,Broccoli,3600,16,3,3000,500,False,500,36.0,30.0,6.0,90.0
Fruits & Vegetables,Methi,3000,16,3,2500,250,False,250,30.0,25.0,5.0,75.0
Fruits & Vegetables,Cabbage,1500,13,3,1300,58,False,1,15.0,13.0,2.0,39.0
Fruits & Vegetables,Muskmelon,4200,16,3,3500,58,False,1,42.0,35.0,7.0,105.0
Fruits & Vegetables,Spinach,1900,15,3,1600,250,False,250,19.0,16.0,3.0,48.0
Fruits & Vegetables,Ginger,1400,14,3,1200,200,False,200,14.0,12.0,2.0,36.0
Fruits & Vegetables,Cauliflower,2600,15,3,2200,58,False,1,26.0,22.0,4.0,66.0
Fruits & Vegetables,Garlic Indian,1100,18,3,900,100,False,100,11.0,9.0,2.0,27.0
Fruits & Vegetables,Banana Robusta,2900,17,3,2400,348,False,6,29.0,24.0,5.0,72.0
Fruits & Vegetables,Chilli Green,1900,15,3,1600,100,False,100,19.0,16.0,3.0,48.0
Fruits & Vegetables,Capsicum Green,2300,17,3,1900,250,False,250,23.0,19.0,4.0,57.0
Fruits & Vegetables,Watermelon,5800,15,3,4900,58,False,1,58.0,49.0,9.0,147.0
Fruits & Vegetables,Lemon,7500,16,3,6300,200,False,200,75.0,63.0,12.0,189.0
Fruits & Vegetables,Potato,3500,17,3,2900,1000,False,1,35.0,29.0,6.0,87.0
Fruits & Vegetables,Ladies Finger,1400,14,3,1200,250,False,250,14.0,12.0,2.0,36.0
Fruits & Vegetables,Coriander Leaves,2000,15,3,1700,100,False,100,20.0,17.0,3.0,51.0
Fruits & Vegetables,Tender Coconut,5100,15,3,4300,58,False,1,51.0,43.0,8.0,129.0
Fruits & Vegetables,Tomato Hybrid,4200,16,3,3500,1000,False,1,42.0,35.0,7.0,105.0
Fruits & Vegetables,Onion,6800,16,3,5700,3000,False,3,68.0,57.0,11.0,171.0
Fruits & Vegetables,Potato,10000,16,3,8400,3000,False,3,100.0,84.0,16.0,252.0
Fruits & Vegetables,Orange Nagpur,8200,15,3,6900,232,False,4,82.0,69.0,13.0,207.0
Fruits & Vegetables,Mint Leaves,1100,18,3,900,100,False,100,11.0,9.0,2.0,27.0
Fruits & Vegetables,Apple Washington,17700,15,3,14900,232,False,4,177.0,149.0,28.0,447.0
Fruits & Vegetables,Guava,5400,16,3,4500,232,False,4,54.0,45.0,9.0,135.0
Fruits & Vegetables,Coccinia,3200,15,3,2700,250,False,250,32.0,27.0,5.0,81.0
Fruits & Vegetables,Baby Potato,1900,15,3,1600,500,False,500,19.0,16.0,3.0,48.0
Fruits & Vegetables,Sweet Lime,3000,16,3,2500,116,False,2,30.0,25.0,5.0,75.0
Fruits & Vegetables,Pomegranate,10600,16,3,8900,116,False,2,106.0,89.0,17.0,267.0
Fruits & Vegetables,Bell Peppers Red & Yellow,11800,16,3,9900,116,False,2,118.0,99.0,19.0,297.0
Fruits & Vegetables,Spring Onion,1800,16,3,1500,250,False,250,18.0,15.0,3.0,45.0
Fruits & Vegetables,Sweet Corn,3600,16,3,3000,116,False,2,36.0,30.0,6.0,90.0
Fruits & Vegetables,Beans Cluster,3000,16,3,2500,250,False,250,30.0,25.0,5.0,75.0
Fruits & Vegetables,Brinjal Small,1800,16,3,1500,250,False,250,18.0,15.0,3.0,45.0
Fruits & Vegetables,Apple Shimla,14200,16,3,11900,232,False,4,142.0,119.0,23.0,357.0
Fruits & Vegetables,Papaya,5400,16,3,4500,58,False,1,54.0,45.0,9.0,135.0
Fruits & Vegetables,Lettuce Iceberg,2500,16,3,2100,250,False,250,25.0,21.0,4.0,63.0
Fruits & Vegetables,Brinjal Bharta,1900,15,3,1600,58,False,1,19.0,16.0,3.0,48.0
Fruits & Vegetables,Curry Leaves,1300,15,3,1100,50,False,50,13.0,11.0,2.0,33.0
Fruits & Vegetables,Coconut Big,3600,16,3,3000,58,False,1,36.0,30.0,6.0,90.0
Fruits & Vegetables,Banana Elaichi,5800,15,3,4900,348,False,6,58.0,49.0,9.0,147.0
Fruits & Vegetables,Bottle Gourd,2600,15,3,2200,58,False,1,26.0,22.0,4.0,66.0
Fruits & Vegetables,Beans French,3300,15,3,2800,250,False,250,33.0,28.0,5.0,84.0
Fruits & Vegetables,Bitter Gourd,1800,16,3,1500,250,False,250,18.0,15.0,3.0,45.0
Health & Hygiene,Epigamia Fruit Yogurt Vanilla,4000,50,6,2000,75,False,75,40.0,20.0,20.0,120.0
Health & Hygiene,Whisper Bindazzz Night Sanitary Pads XL Plus,18500,0,0,18500,870,True,15,185.0,185.0,0.0,0.0
Health & Hygiene,Dabur Honitus Herbal Cough Remedy Ayurvedic Syrup,10500,15,0,8900,100,True,100,105.0,89.0,16.0,0.0
Health & Hygiene,Stayfree Secure Dry Cover Regular Sanitary Pad With Wings,3000,3,6,2900,406,False,7,30.0,29.0,1.0,174.0
Health & Hygiene,Eno Fruit Salt Lemon Flavour Energy Powder,13000,10,6,11700,100,False,100,130.0,117.0,13.0,702.0
Health & Hygiene,Moov Pain Relief Specialist Spray,14900,5,5,14100,35,False,35,149.0,141.0,8.0,705.0
Health & Hygiene,Savlon Germ Protection Wipes,18900,10,6,17000,72,False,72,189.0,170.0,19.0,1020.0
Health & Hygiene,Veet Hair Removal Cream Dry Skin,13500,5,5,12800,50,False,50,135.0,128.0,7.0,640.0
Health & Hygiene,Whisper Ultra Soft Air Fresh Sanitary Pads (XL) with Wings,31500,0,4,31500,30,False,30,315.0,315.0,0.0,1260.0
Health & Hygiene,Whisper Choice Regular Sanitary Pads,9000,0,6,9000,1160,False,20,90.0,90.0,0.0,540.0
Health & Hygiene,Whisper Ultra Clean Wings XL+  Pouch,44900,7,6,41500,44,False,44,449.0,415.0,34.0,2490.0
Health & Hygiene,Durex Extra Ribbed Condoms,24500,10,2,22000,580,False,10,245.0,220.0,25.0,440.0
Health & Hygiene,Eno Regular Fruit Salt Energy Powder,13000,0,6,13000,100,False,100,130.0,130.0,0.0,780.0
Health & Hygiene,Durex Extra Thin Bubblegum Condom,15000,10,6,13500,580,False,10,150.0,135.0,15.0,810.0
Health & Hygiene,Dabur Hajmola Pudina - Digestive Tablets,4500,6,6,4200,120,False,120,45.0,42.0,3.0,252.0
Health & Hygiene,Baidyanath Isabgol,11000,22,3,8500,100,False,100,110.0,85.0,25.0,255.0
Health & Hygiene,Kapiva Thar Aloe Vera Juice,29900,15,6,25400,1000,False,1,299.0,254.0,45.0,1524.0
Health & Hygiene,Fine Life Cotton Balls,11000,10,6,9900,100,False,100,110.0,99.0,11.0,594.0
Health & Hygiene,Stayfree Dry Max All Night XL Dry Cover Sanitary Pads,34000,12,6,29800,28,False,28,340.0,298.0,42.0,1788.0
Health & Hygiene,Moov Pain Releiver Spray,29000,15,6,24600,80,False,80,290.0,246.0,44.0,1476.0
Health & Hygiene,Whisper Ultra Clean XL Plus Sanitary Pad,17500,0,5,17500,870,False,15,175.0,175.0,0.0,875.0
Health & Hygiene,Durex Condoms Mutual Climax,12000,0,6,12000,174,False,3,120.0,120.0,0.0,720.0
Health & Hygiene,Durex Extra Thin Condoms,22800,10,6,20500,580,False,10,228.0,205.0,23.0,1230.0
Health & Hygiene,Savlon Surface Disinfectant Spray,16500,10,6,14800,170,False,170,165.0,148.0,17.0,888.0
Health & Hygiene,Whisper Choice Regular Wing Sanitary Pad,3000,0,2,3000,406,False,7,30.0,30.0,0.0,60.0
Health & Hygiene,Whisper Ultra Soft XL+ Sanitary Pads,33000,2,6,32300,30,False,30,330.0,323.0,7.0,1938.0
Health & Hygiene,Dettol Original Germ Protection Alcohol Based Hand Sanitizer,2500,0,6,2500,50,False,50,25.0,25.0,0.0,150.0
Health & Hygiene,Dettol Antiseptic Disinfectant Liquid,6600,0,6,6600,125,False,125,66.0,66.0,0.0,396.0
Health & Hygiene,Durex Air Ultra Thin Condoms,8200,0,6,8200,174,False,3,82.0,82.0,0.0,492.0
Health & Hygiene,Durex Air Ultra Thin Condom,24500,10,6,22000,580,False,10,245.0,220.0,25.0,1320.0
Health & Hygiene,Dabur Regular Hajmola,4500,6,6,4200,120,False,120,45.0,42.0,3.0,252.0
Health & Hygiene,Hajmola Anardana Digestive Tablets,4500,6,2,4200,120,False,180,45.0,42.0,3.0,84.0
Health & Hygiene,Zandu Balm,4000,10,4,3600,8,False,8,40.0,36.0,4.0,144.0
Health & Hygiene,Vicks Cough Drops Menthol,2000,0,6,2000,1160,False,20,20.0,20.0,0.0,120.0
Health & Hygiene,Durex Extra Dots Condoms,22800,10,6,20500,580,False,10,228.0,205.0,23.0,1230.0
Health & Hygiene,Durex Extra Time Condoms,22800,10,6,20500,580,False,10,228.0,205.0,23.0,1230.0
Health & Hygiene,Dettol Antiseptic Liquid,3300,0,4,3300,60,False,60,33.0,33.0,0.0,132.0
Health & Hygiene,Veet Sensitive Skin Hair Removal Cream,13500,5,6,12800,50,False,50,135.0,128.0,7.0,768.0
Health & Hygiene,Vicks VapoRub,14500,11,2,12900,50,False,50,145.0,129.0,16.0,258.0
Health & Hygiene,Dabur Hajmola Imli Digestive Tablets,4500,6,6,4200,120,False,120,45.0,42.0,3.0,252.0
Health & Hygiene,Dettol Antiseptic Liquid + Disinfectant Spray - Original,15900,10,6,14300,225,False,225,159.0,143.0,16.0,858.0
Health & Hygiene,Iodex Body Pain Expert,4000,2,6,3900,8,False,8,40.0,39.0,1.0,234.0
Health & Hygiene,Patanjali Hing Goli,6500,10,4,5800,100,False,100,65.0,58.0,7.0,232.0
Health & Hygiene,Moov Fast Pain Relief Cream,18900,15,6,16000,50,False,50,189.0,160.0,29.0,960.0
Health & Hygiene,Dettol Hand Sanitizer,10000,5,6,9500,200,False,200,100.0,95.0,5.0,570.0
Health & Hygiene,Vicks Vaporub,8500,9,6,7700,25,False,25,85.0,77.0,8.0,462.0
Health & Hygiene,Zandu Balm Ulter Power For Strong Headache Bodyache & Cold,4500,8,6,4100,8,False,8,45.0,41.0,4.0,246.0
Health & Hygiene,Dabur Hajmola Maha Candy - Aam+Imli,13000,5,1,12300,130,False,130,130.0,123.0,7.0,123.0
Health & Hygiene,Whisper Choice Ultra XL Sanitary Pad,13300,2,5,13000,1160,False,20,133.0,130.0,3.0,650.0
Health & Hygiene,Organic India Organic Chyawanprash,49500,20,6,39600,500,False,500,495.0,396.0,99.0,2376.0
Health & Hygiene,Organic India Sugar Balance 60 Capsules Bottle,22500,0,6,22500,60,False,60,225.0,225.0,0.0,1350.0
Health & Hygiene,Whisper Ultra Soft XL+ Sanitary Pads,55500,0,1,55500,60,False,60,555.0,555.0,0.0,555.0
Health & Hygiene,Dabur - Chyawanprash,9900,0,1,9900,250,False,25,99.0,99.0,0.0,99.0
Health & Hygiene,Vicks BabyRub,10500,11,6,9300,25,False,25,105.0,93.0,12.0,558.0
Health & Hygiene,Bombay Shaving Company Sensitive Cartridges,37500,0,2,37500,116,False,2,375.0,375.0,0.0,750.0
Health & Hygiene,Organic India Brahmi Bottle,20500,20,1,16400,60,False,60,205.0,164.0,41.0,164.0
Health & Hygiene,Horlicks Protein Plus Chocolate,27000,0,2,27000,200,False,200,270.0,270.0,0.0,540.0
Health & Hygiene,Dabur Nature Care Isabgol - Double Action,14000,5,6,13300,100,False,100,140.0,133.0,7.0,798.0
Health & Hygiene,Organic India Wheat Grass,39500,20,4,31600,100,False,100,395.0,316.0,79.0,1264.0
Health & Hygiene,Kapiva Wild Tulsi Giloy Juice |,40000,15,1,34000,1000,False,1,400.0,340.0,60.0,340.0
Health & Hygiene,Epigamia Fruit Yogurt Strawberry,4000,50,0,2000,75,True,75,40.0,20.0,20.0,0.0
Health & Hygiene,Dettol Effective Protection Antiseptic Liquid,11600,0,0,11600,250,True,250,116.0,116.0,0.0,0.0
Health & Hygiene,Stayfree Secure Cottony Soft Cover Sanitary Pad (Regular) with Wings,3000,3,0,2900,406,True,7,30.0,29.0,1.0,0.0
Health & Hygiene,"Eno Cooling Sachets - Cool Mint, 6 Pieces Carton",5400,11,0,4800,5,True,5,54.0,48.0,6.0,0.0
Health & Hygiene,Whisper Choice Sanitary Pad,3200,9,0,2900,406,True,7,32.0,29.0,3.0,0.0
Health & Hygiene,Whisper Bindazzz Nights XL + Sanitary Pad,9000,0,0,9000,406,True,7,90.0,90.0,0.0,0.0
Health & Hygiene,Gillette Venus Close & Clean Razor,24900,7,0,23000,58,True,1,249.0,230.0,19.0,0.0
Health & Hygiene,Whisper Choice Regular Sanitary Pads,9000,3,0,8700,58,True,20,90.0,87.0,3.0,0.0
Health & Hygiene,Stayfree Secure Dry Cover Extra Large Sanitary Pad,4200,2,0,4100,406,True,7,42.0,41.0,1.0,0.0
Health & Hygiene,Dabur Amla Juice,23500,15,6,19900,1000,False,1,235.0,199.0,36.0,1194.0
Health & Hygiene,Epigamia Fruit Yogurt Alphonso Mango,4000,50,6,2000,75,False,75,40.0,20.0,20.0,120.0
Health & Hygiene,Dabur Ayurvedic Tulsi Drops (Immunity Booster),19500,6,6,18200,30,False,30,195.0,182.0,13.0,1092.0
Health & Hygiene,Vicks Inhaler with Keychain,10500,9,4,9500,116,False,2,105.0,95.0,10.0,380.0
Health & Hygiene,Veet Full Body Waxing Kit For Dry Skin,23500,7,6,21800,1160,False,20,235.0,218.0,17.0,1308.0
Health & Hygiene,Dabur Chyawanprakash - Sugar Free,41500,7,6,38500,900,False,900,415.0,385.0,30.0,2310.0
Health & Hygiene,Zandu Balm,8500,10,5,7600,25,False,25,85.0,76.0,9.0,380.0
Health & Hygiene,Himalaya Cold Balm,12500,9,6,11300,45,False,45,125.0,113.0,12.0,678.0
Health & Hygiene,Dettol Clinical Strength Hand Sanitizer Liquid,25000,10,6,22500,500,False,500,250.0,225.0,25.0,1350.0
Health & Hygiene,Kapiva Wild Amla Juice,24900,14,6,21200,1000,False,1,249.0,212.0,37.0,1272.0
Health & Hygiene,Dabur Chyawanprash,34900,3,6,33800,950,False,1,349.0,338.0,11.0,2028.0
Health & Hygiene,Amrutanjan Pain Balm Extra Power,10000,11,6,8900,28,False,27,100.0,89.0,11.0,534.0
Health & Hygiene,Stayfree Dry-Max All Night Ultra-Dry Sanitary Pad,9000,10,6,8100,406,False,7,90.0,81.0,9.0,486.0
Health & Hygiene,Stayfree Secure XL Size Sanitary Napkins,11500,0,5,11500,1160,False,20,115.0,115.0,0.0,575.0
Health & Hygiene,Whisper Ultra Clean XL Plus Sanitary Pad,15500,0,6,15500,870,False,15,155.0,155.0,0.0,930.0
Health & Hygiene,Whisper Daily Liners Clean and Fresh,10500,0,4,10500,1160,False,20,105.0,105.0,0.0,420.0
Health & Hygiene,Moov Cream Regular,5000,6,4,4700,10,False,10,50.0,47.0,3.0,188.0
Health & Hygiene,Moov Pain Relief Specialist,7500,5,6,7100,15,False,15,75.0,71.0,4.0,426.0
Health & Hygiene,Dabur Chyawanprakash Sugar Free,23500,5,6,22300,500,False,500,235.0,223.0,12.0,1338.0
Health & Hygiene,Baidyanath Isabgol,11000,22,5,8500,100,False,100,110.0,85.0,25.0,425.0
Health & Hygiene,Veet Hair Removal Cream (Normal Skin),13500,5,6,12800,50,False,50,135.0,128.0,7.0,768.0
Health & Hygiene,Stayfree Advanced XL Ultra Comfort Sanitary napkins with Wings,17500,0,3,17500,812,False,14,175.0,175.0,0.0,525.0
Health & Hygiene,Savlon Clothes Disinfectant & Refreshing Spray Fresh Breeze,17500,10,6,15700,230,False,230,175.0,157.0,18.0,942.0
Health & Hygiene,Dabur Chyawanprash Immunity Booster,19000,6,6,17700,500,False,500,190.0,177.0,13.0,1062.0
Health & Hygiene,Durex Mutual Climax Condoms,36000,15,6,30600,580,False,10,360.0,306.0,54.0,1836.0
Health & Hygiene,Fine Life Cotton Balls,6000,0,0,6000,50,True,50,60.0,60.0,0.0,0.0
Health & Hygiene,Dettol Antiseptic Liquid,3000,0,0,3000,60,True,60,30.0,30.0,0.0,0.0
Home & Cleaning,Chakaachak Dustpan Grey,7000,2,5,6800,58,False,1,70.0,68.0,2.0,340.0
Home & Cleaning,Oxi Green Dish Wash Liquid - Lemon,10500,6,6,9800,500,False,500,105.0,98.0,7.0,588.0
Home & Cleaning,Surf Excel Matic Top Load,72000,9,4,64900,4000,False,4,720.0,649.0,71.0,2596.0
Home & Cleaning,Lizol Double Concentrate Disinfectant Floor Cleaner Citrus,65000,8,6,59800,1900,False,1,650.0,598.0,52.0,3588.0
Home & Cleaning,Shubh kart - Tejas Twisted Cotton Wicks 1000n,3000,6,6,2800,1000,False,1000,30.0,28.0,2.0,168.0
Home & Cleaning,Eveready Ultima Alkaline Battery AAA,6800,0,6,6800,116,False,2,68.0,68.0,0.0,408.0
Home & Cleaning,Lizol Double Concentrate Disinfectant Floor Cleaner Lavender,32500,10,6,29200,900,False,900,325.0,292.0,33.0,1752.0
Home & Cleaning,Mortein Dual All Insect Killer Spray,28000,10,6,25200,600,False,600,280.0,252.0,28.0,1512.0
Home & Cleaning,Scotch Brite Tough Scrubber Brush,15000,6,6,14000,58,False,1,150.0,140.0,10.0,840.0
Home & Cleaning,Pril Power Of Active Boosters,10200,0,1,10200,400,False,400,102.0,102.0,0.0,102.0
Home & Cleaning,Shubh kart - Surabhi Camphor Pouch 50g,9500,9,6,8600,50,False,50,95.0,86.0,9.0,516.0
Home & Cleaning,Airwick Room Air Freshener Spray Cool Water & Aloe Vera,16100,5,6,15200,245,False,245,161.0,152.0,9.0,912.0
Home & Cleaning,Scotch Brite Silver Sparks Scrub Pad,9000,10,6,8100,348,False,3,90.0,81.0,9.0,486.0
Home & Cleaning,Surf Excel Matic Powder Front Load,81000,7,2,75000,4000,False,4,810.0,750.0,60.0,1500.0
Home & Cleaning,Domex Disinfectant Floor Cleaner,18000,5,6,17000,1000,False,1,180.0,170.0,10.0,1020.0
Home & Cleaning,Scotch Brite Sponge Wipe,33000,10,6,29700,290,False,5,330.0,297.0,33.0,1782.0
Home & Cleaning,Eveready Base B22 9-Watt LED Bulb,15000,0,2,15000,58,False,1,150.0,150.0,0.0,300.0
Home & Cleaning,Odonil Zipper Blissful Citrus,5500,0,1,5500,10,False,10,55.0,55.0,0.0,55.0
Home & Cleaning,Surf Excel Detergent Bar Value Pack,11400,0,6,11400,800,False,800,114.0,114.0,0.0,684.0
Home & Cleaning,Gala Double Hockey Toilet Brush,15000,10,6,13500,58,False,1,150.0,135.0,15.0,810.0
Home & Cleaning,Ariel Matic Front Load Detergent Washing Powder,80000,15,6,68000,3000,False,3,800.0,680.0,120.0,4080.0
Home & Cleaning,Origami So Soft Tissue Roll 3 Ply,39000,11,6,34700,696,False,12,390.0,347.0,43.0,2082.0
Home & Cleaning,Harpic Power Fresh 6 Toilet Cleaner Rim Block Floral Delight,18800,10,6,16900,35,False,35,188.0,169.0,19.0,1014.0
Home & Cleaning,Aro Aluminium Container with Lid 230 ml,7500,9,3,6800,25,False,25,75.0,68.0,7.0,204.0
Home & Cleaning,Fevicol Mr.Original General Purpose White Glue,5000,2,6,4900,105,False,100,50.0,49.0,1.0,294.0
Home & Cleaning,Surf Excel Matic Front Load Detergent Powder,53000,4,6,50700,2000,False,2,530.0,507.0,23.0,3042.0
Home & Cleaning,Odomos lotion - Mosquito Repellent,9000,8,6,8200,120,False,120,90.0,82.0,8.0,492.0
Home & Cleaning,Origami So Soft Tissue Roll Single - 340 Pulls 3 Ply,8000,0,1,8000,58,False,1,80.0,80.0,0.0,80.0
Home & Cleaning,Gala Scrubber Pad,7500,9,5,6800,290,False,5,75.0,68.0,7.0,340.0
Home & Cleaning,Shubh kart - Shubhkart Sambrani Cup Black 12n,8000,6,4,7500,696,False,12,80.0,75.0,5.0,300.0
Home & Cleaning,Mangalam Camphor,10000,10,6,9000,50,False,50,100.0,90.0,10.0,540.0
Home & Cleaning,Cherry Blossom Liquid Wax Polish (Dark Tan),9800,5,6,9300,75,False,75,98.0,93.0,5.0,558.0
Home & Cleaning,Gala EzeeSqueegee Wiper,15000,10,6,13500,58,False,1,150.0,135.0,15.0,810.0
Home & Cleaning,Lizol Disinfectant Surface & Floor Cleaner Liquid Pine,20500,8,6,18800,975,False,975,205.0,188.0,17.0,1128.0
Home & Cleaning,Chakaachak Super Sponge Wipes (Pack of 3),14000,0,6,14000,174,False,3,140.0,140.0,0.0,840.0
Home & Cleaning,Mangalam Camphor Tablet Jar,28000,10,6,25200,100,False,100,280.0,252.0,28.0,1512.0
Home & Cleaning,Philips EyePro 10.5W Light Bulb,22000,10,6,19800,58,False,1,220.0,198.0,22.0,1188.0
Home & Cleaning,Origami Luxuria Kitchen Towel 300 Pulls Single,32000,0,2,32000,58,False,1,320.0,320.0,0.0,640.0
Home & Cleaning,Airwick Room Air Freshener Spray - Rose & Saffron,16100,5,5,15200,245,False,245,161.0,152.0,9.0,760.0
Home & Cleaning,Oxi Green Floor Cleaner - Citrus,17900,10,6,16100,1000,False,1,179.0,161.0,18.0,966.0
Home & Cleaning,Nimyle Lemongrass Floor Cleaner,16500,5,5,15600,975,False,975,165.0,156.0,9.0,780.0
Home & Cleaning,Chakaachak Super Strong Scrub,2900,3,5,2800,58,False,1,29.0,28.0,1.0,140.0
Home & Cleaning,Om Bhakti Wick for Diya - Ghee Cotton Wicks Small,13900,10,6,12500,30,False,30,139.0,125.0,14.0,750.0
Home & Cleaning,Ariel Matic Liquid Detergent Front Load,22500,0,6,22500,1000,False,1,225.0,225.0,0.0,1350.0
Home & Cleaning,Origami Kitchen Towels 4 in 1 60 Pulls 2 Ply,26500,0,6,26500,58,False,1,265.0,265.0,0.0,1590.0
Home & Cleaning,Ambi Pur Car Freshener Gel - Relaxing Lavender,29900,10,2,26900,75,False,75,299.0,269.0,30.0,538.0
Home & Cleaning,Scotch Magic Tape,11500,14,6,9800,58,False,1,115.0,98.0,17.0,588.0
Home & Cleaning,Origami Good Karma Paper Serviettes,8000,10,6,7200,50,False,50,80.0,72.0,8.0,432.0
Home & Cleaning,Origami Good Karma Toilet Roll,27500,14,6,23400,232,False,1,275.0,234.0,41.0,1404.0
Home & Cleaning,Godrej Aer Power Pocket - Long Lasting Bathroom Fragrance Lavender Bloom,5500,0,4,5500,10,False,10,55.0,55.0,0.0,220.0
Home & Cleaning,Air Wick Room Air Freshener Spray - Lavender & Lotus,16100,5,6,15200,245,False,245,161.0,152.0,9.0,912.0
Home & Cleaning,Om Bhakti Wick for Diya - Ghee Cotton Wicks Big,18900,10,6,17000,30,False,30,189.0,170.0,19.0,1020.0
Home & Cleaning,Lizol Disinfectant Surface & Floor Cleaner Liquid Floral,20500,8,6,18800,975,False,975,205.0,188.0,17.0,1128.0
Home & Cleaning,Shubh kart - Nirmal sugandhi mogra wet dhoop zipper 20 sticks,3000,6,6,2800,1160,False,20,30.0,28.0,2.0,168.0
Home & Cleaning,Dabur Odomos Naturals Mosquito Repellant Gel,7500,8,4,6900,80,False,80,75.0,69.0,6.0,276.0
Home & Cleaning,Cherry Blossom Wax Shoe Polish Dark Tan,6800,5,6,6400,40,False,40,68.0,64.0,4.0,384.0
Home & Cleaning,Om Bhakti Haldi,1200,0,4,1200,15,False,15,12.0,12.0,0.0,48.0
Home & Cleaning,Odonil Air Freshner Lavender Meadows,7500,5,4,7100,75,False,75,75.0,71.0,4.0,284.0
Home & Cleaning,Om Bhakti Gangajal Packed At Gangotri,3000,3,6,2900,220,False,220,30.0,29.0,1.0,174.0
Home & Cleaning,Ariel Matic Liquid Detergent Front Load,25000,0,6,25000,1000,False,1,250.0,250.0,0.0,1500.0
Home & Cleaning,Airwick EverFresh Gel Bathroom Air Freshener - Citrus Splash,7000,10,6,6300,50,False,50,70.0,63.0,7.0,378.0
Home & Cleaning,Origami Cups Plain 100 units,15500,14,5,13200,100,False,100,155.0,132.0,23.0,660.0
Home & Cleaning,Airwick EverFresh Gel Bathroom Air Freshener - Lavender Dew,7000,10,6,6300,50,False,50,70.0,63.0,7.0,378.0
Home & Cleaning,Philips Stellar Bright 16W Light Bulb,39000,16,6,32400,58,False,1,390.0,324.0,66.0,1944.0
Home & Cleaning,Odonil Room Air Freshener Spray - Lavender Mist,15000,12,1,13200,137,False,137,150.0,132.0,18.0,132.0
Home & Cleaning,Scotch Brite Power Scrub Pad,5000,2,6,4900,58,False,1,50.0,49.0,1.0,294.0
Home & Cleaning,Odonil Room Spray Air Freshener Citrus Fres,15000,12,4,13200,137,False,137,150.0,132.0,18.0,528.0
Home & Cleaning,Lizol Disinfectant Surface & Floor Cleaner Liquid Jasmine,10300,5,6,9700,500,False,500,103.0,97.0,6.0,582.0
Home & Cleaning,"""Godrej Aer Power Pocket - Long Lasting Bathroom Fragrance Fresh Blossom""",5500,0,6,5500,10,False,10,55.0,55.0,0.0,330.0
Home & Cleaning,Odonil Air Fresher Buy 3 Get 1 Free,22500,5,3,21300,300,False,300,225.0,213.0,12.0,639.0
Home & Cleaning,Godrej Ezee Liquid Detergent,17500,0,6,17500,1000,False,1,175.0,175.0,0.0,1050.0
Home & Cleaning,Fevistik Super Glue Stick,4000,2,6,3900,15,False,15,40.0,39.0,1.0,234.0
Home & Cleaning,Hit Lime Fresh Flying Insect Killer,26900,0,6,26900,385,False,385,269.0,269.0,0.0,1614.0
Home & Cleaning,Harpic Germ & Stain Blaster Disinfectant Toilet Cleaner Floral,14800,7,6,13700,750,False,750,148.0,137.0,11.0,822.0
Home & Cleaning,Lizol Disinfectant Surface & Floor Cleaner Liquid Floral,10300,5,6,9700,500,False,500,103.0,97.0,6.0,582.0
Home & Cleaning,Chakaachak Sponge Scrubber (Pack of 2),4500,2,6,4400,116,False,2,45.0,44.0,1.0,264.0
Home & Cleaning,Ariel Complete Detergent Washing Powder 1 kg + 500 g Free,28000,6,6,26300,1500,False,1,280.0,263.0,17.0,1578.0
Home & Cleaning,"Godrej Aer Pocket, Bathroom Air Fragrance - Assorted Pack Of 3",16000,0,6,16000,30,False,30,160.0,160.0,0.0,960.0
Home & Cleaning,Oxi Green Floor Cleaner - Floral,17900,10,6,16100,1000,False,1,179.0,161.0,18.0,966.0
Home & Cleaning,Chakaachak Floor Cleaning Pocha,5000,2,6,4900,58,False,1,50.0,49.0,1.0,294.0
Home & Cleaning,Gala Cloth Poccha/Mop,12500,9,6,11300,58,False,1,125.0,113.0,12.0,678.0
Home & Cleaning,Ariel Matic Top Load Detergent Washing Powder,22500,0,6,22500,1000,False,1,225.0,225.0,0.0,1350.0
Home & Cleaning,Genteel Liquid Detegrent,32000,0,6,32000,2000,False,2,320.0,320.0,0.0,1920.0
Home & Cleaning,Mangaldeep Rose Puja Agarbatti,6500,9,4,5900,120,False,120,65.0,59.0,6.0,236.0
Home & Cleaning,Harpic Hygienic Toilet Cleaner Rim Block Citrus,8200,6,6,7700,26,False,26,82.0,77.0,5.0,462.0
Home & Cleaning,Om Bhakti Cow Dung Cakes,1600,0,6,1600,290,False,5,16.0,16.0,0.0,96.0
Home & Cleaning,Colin Glass and Surface Cleaner Liquid Spray Regular,6200,6,5,5800,250,False,250,62.0,58.0,4.0,290.0
Home & Cleaning,Chakaachak Super Scrub Pad (Pack of 3),3500,2,2,3400,174,False,3,35.0,34.0,1.0,68.0
Home & Cleaning,Chakaachak Mini Cloth Brush,4000,2,1,3900,58,False,1,40.0,39.0,1.0,39.0
Home & Cleaning,Uno Playing Card Game,14900,9,2,13500,58,False,1,149.0,135.0,14.0,270.0
Home & Cleaning,Surf Excel Easy Wash Detergent Liquid,17000,0,6,16900,1000,False,1,170.0,169.0,1.0,1014.0
Home & Cleaning,Oxi Green Phenyl - Pine,8200,9,6,7400,1000,False,1,82.0,74.0,8.0,444.0
Home & Cleaning,Origami Kitchen Towels 2 In 1 Quilted 2ply,14000,10,6,12600,116,False,2,140.0,126.0,14.0,756.0
Home & Cleaning,Surf Excel Matic Front Load Detergent Liquid,22500,1,6,22100,1000,False,1,225.0,221.0,4.0,1326.0
Home & Cleaning,Eveready 1012 Carbon Zinc AAA Battery,15000,4,2,14300,580,False,10,150.0,143.0,7.0,286.0
Home & Cleaning,Harpic Flushmatic In-Cistern Toilet Cleaner Blocks Marine,15400,7,4,14300,100,False,100,154.0,143.0,11.0,572.0
Home & Cleaning,Surf Excel Matic Top Load Detergent Powder,20000,6,1,18800,1000,False,1,200.0,188.0,12.0,188.0
Home & Cleaning,Eveready Ultima Alkaline AA Cell Battery-6 Pc Pack,21000,10,6,18900,348,False,6,210.0,189.0,21.0,1134.0
Home & Cleaning,"""Origami Good Karma Paper Serviettes - 100 napkins (1 ply)""",7800,10,6,7000,58,False,1,78.0,70.0,8.0,420.0
Home & Cleaning,Scotch Brite Scrub Pad,7500,9,6,6800,290,False,5,75.0,68.0,7.0,408.0
Home & Cleaning,Surf Excel Quick Wash,60000,8,1,54900,4000,False,4,600.0,549.0,51.0,549.0
Home & Cleaning,Mr Muscle Dranex Drain Cleaner Kiwi,16000,6,4,14900,375,False,375,160.0,149.0,11.0,596.0
Home & Cleaning,Gala Microfiber Magic Cloth 2-In-1,17500,9,6,15800,58,False,1,175.0,158.0,17.0,948.0
Home & Cleaning,Origami Paper Plates,24000,15,5,20400,50,False,50,240.0,204.0,36.0,1020.0
Home & Cleaning,Cherry Blossom Wax Shoe Polish Black,6800,5,6,6400,40,False,40,68.0,64.0,4.0,384.0
Home & Cleaning,Shubh kart - Nirmal Eco Box Sugandhi Mogra Agarbatti - 100g,6500,13,6,5600,100,False,100,65.0,56.0,9.0,336.0
Home & Cleaning,Odomos Mosquito Repellent Cream,2500,0,1,2500,23,False,25,25.0,25.0,0.0,25.0
Home & Cleaning,Mortein PowerGard Rat Kill Cake,6400,6,6,6000,100,False,100,64.0,60.0,4.0,360.0
Home & Cleaning,Tide Plus Extra Power Lemon & Mint Detergent Powder,21500,1,6,21100,2000,False,2,215.0,211.0,4.0,1266.0
Home & Cleaning,Gala Iron Bull Scrub Pad,14000,10,6,12600,174,False,3,140.0,126.0,14.0,756.0
Home & Cleaning,Good Knight Fabric Personal Mosquito Repellent Roll On,7500,0,3,7500,8,False,8,75.0,75.0,0.0,225.0
Home & Cleaning,Vanish All in One Powder Detergent Booster,21000,10,2,18900,400,False,400,210.0,189.0,21.0,378.0
Home & Cleaning,ScotchBrite Premium Kitchen Towels,15000,18,3,12300,174,False,1,150.0,123.0,27.0,369.0
Home & Cleaning,Lizol Disinfectant Surface & Floor Cleaner Liquid Citrus,20500,8,3,18800,975,False,975,205.0,188.0,17.0,564.0
Home & Cleaning,Chakaachak Deluxe Dustpan Grey,6800,2,3,6600,58,False,1,68.0,66.0,2.0,198.0
Home & Cleaning,Shubh kart - Nirmal Eco Box Chandan Agarbatti - 100g,6500,13,5,5600,100,False,100,65.0,56.0,9.0,280.0
Home & Cleaning,Om Bhakti Wick for Diya - Cotton Flower Batti,1900,0,4,1900,60,False,60,19.0,19.0,0.0,76.0
Home & Cleaning,Origami Disposable Spoons,8000,10,3,7200,1160,False,20,80.0,72.0,8.0,216.0
Home & Cleaning,Kiwi Dranex Drain Cleaner,13500,9,1,12200,348,False,6,135.0,122.0,13.0,122.0
Home & Cleaning,Godrej Aer Morning Misty Meadows Home Air Freshener,15000,0,4,14900,240,False,240,150.0,149.0,1.0,596.0
Home & Cleaning,Oxi Green Max Force Green Concentrate,10700,10,3,9600,500,False,500,107.0,96.0,11.0,288.0
Home & Cleaning,Oxi Green Phenyl Concentrate,20000,10,6,18000,1000,False,1,200.0,180.0,20.0,1080.0
Home & Cleaning,Godrej Aer Spray Fresh Lush Green,15000,16,2,12600,240,False,240,150.0,126.0,24.0,252.0
Home & Cleaning,Scotch Brite Sponge Wipes,20000,0,2,20000,174,False,3,200.0,200.0,0.0,400.0
Home & Cleaning,Harpic Lemon Bathroom Cleaner,9500,9,6,8600,500,False,500,95.0,86.0,9.0,516.0
Home & Cleaning,Shubh kart - Nirmal 5 in 1 Agarbatti Zipper - 150g,6500,13,6,5600,150,False,150,65.0,56.0,9.0,336.0
Home & Cleaning,Origami Non-Woven Kitchen Towel,19000,14,4,16200,80,False,80,190.0,162.0,28.0,648.0
Home & Cleaning,Om Bhakti Wick for Diya - Cotton Long Batti,1900,0,4,1900,50,False,50,19.0,19.0,0.0,76.0
Home & Cleaning,Chakaachak Mega Star Toilet Brush,11000,2,4,10700,58,False,1,110.0,107.0,3.0,428.0
Home & Cleaning,Odonil Room Air Freshener Spray Lavender Mist,14900,5,4,14100,240,False,240,149.0,141.0,8.0,564.0
Home & Cleaning,Hem Mantra Masala Agarbatti,8500,7,1,7900,50,False,50,85.0,79.0,6.0,79.0
Home & Cleaning,Pril Bar Tub,5500,0,1,5500,500,False,500,55.0,55.0,0.0,55.0
Home & Cleaning,Robin Dazzling Liquid Blue After Wash,7400,5,6,7000,200,False,200,74.0,70.0,4.0,420.0
Home & Cleaning,Scotch Brite Kitchen Sink Brush,13500,9,5,12200,58,False,1,135.0,122.0,13.0,610.0
Home & Cleaning,Om Bhakti Wick for Diya - Cotton Long Batti,2000,0,6,2000,75,False,75,20.0,20.0,0.0,120.0
Home & Cleaning,Rin Fabric Whitener Detergent,6900,10,0,6200,500,True,500,69.0,62.0,7.0,0.0
Home & Cleaning,Comfort After Wash Fabric Conditioner Lily Fresh,23500,9,0,21200,860,True,860,235.0,212.0,23.0,0.0
Home & Cleaning,Ujala Superme For Super Whiteness Of Clothes,2500,0,0,2500,75,True,75,25.0,25.0,0.0,0.0
Home & Cleaning,Scotch BOPP Packaging Tape,8000,15,0,6800,58,True,1,80.0,68.0,12.0,0.0
Home & Cleaning,Origami Plates Plain,25000,10,0,22500,100,True,100,250.0,225.0,25.0,0.0
Home & Cleaning,Om Bhakti - Pancha Deepa Oil,19900,10,6,17900,1000,False,1,199.0,179.0,20.0,1074.0
Home & Cleaning,Harpic Hygienic Toilet Cleaner Rim Block Jasmine,8200,6,4,7700,26,False,26,82.0,77.0,5.0,308.0
Home & Cleaning,Hit Flower Lime Fragrance Insect Killer Spray,18200,3,6,17600,400,False,400,182.0,176.0,6.0,1056.0
Home & Cleaning,Gala Scrubber Cleaner Home Everyday Scrub,3500,2,6,3400,58,False,1,35.0,34.0,1.0,204.0
Home & Cleaning,Cherry Blossom Liquid Wax Polish,9800,5,6,9300,75,False,75,98.0,93.0,5.0,558.0
Home & Cleaning,Eveready AA pack of 10,15000,4,6,14300,580,False,10,150.0,143.0,7.0,858.0
Home & Cleaning,Vim Dishwash Bar,4500,0,0,4500,600,True,600,45.0,45.0,0.0,0.0
Home & Cleaning,Harpic Disinfectant Bathroom Cleaner Liquid Lemon,18900,5,6,17900,1000,False,1,189.0,179.0,10.0,1074.0
Home & Cleaning,Odomos Mosquito Repellent Cream,5000,8,6,4600,50,False,50,50.0,46.0,4.0,276.0
Home & Cleaning,"Harpic Disinfectant Toilet Cleaner Liquid, Original - 1 L",17800,0,6,17800,1000,False,1,178.0,178.0,0.0,1068.0
Home & Cleaning,Vim Dishwash Liquid Gel Lemon,18500,5,1,17500,750,False,750,185.0,175.0,10.0,175.0
Home & Cleaning,Hit Cockroach Killer Spray,10100,2,4,9800,200,False,200,101.0,98.0,3.0,392.0
Home & Cleaning,Ariel Complete Detergent Washing Powder 500 g  + 200 g Free,13500,0,6,13500,500,False,500,135.0,135.0,0.0,810.0
Home & Cleaning,Godrej Aer Power Pocket Berry Rush,5500,0,3,5500,10,False,10,55.0,55.0,0.0,165.0
Home & Cleaning,Pril Perfect Lime Dishwash Liquid,19000,7,4,17500,750,False,750,190.0,175.0,15.0,700.0
Home & Cleaning,"Mortein Cockroach Killer Spray, Crawling insect killer with Deep-Reach Nozzle",18900,5,2,17900,425,False,425,189.0,179.0,10.0,358.0
Home & Cleaning,A1 Biodegradable Garbage Dustbin Bags,6900,0,6,6900,30,False,30,69.0,69.0,0.0,414.0
Home & Cleaning,Colin Glass and Surface Cleaner Liquid Spray Regular,9600,7,6,8900,500,False,500,96.0,89.0,7.0,534.0
Home & Cleaning,Surf Excel Stain Eraser,1800,0,1,1800,150,False,150,18.0,18.0,0.0,18.0
Home & Cleaning,Om Bhakti Camphor Big,11900,10,6,10700,40,False,40,119.0,107.0,12.0,642.0
Home & Cleaning,Chakaachak Eazo Grass Broom New,10500,2,0,10200,58,True,1,105.0,102.0,3.0,0.0
Home & Cleaning,Surf Excel Quick Wash,20800,6,0,19500,1000,True,1,208.0,195.0,13.0,0.0
Home & Cleaning,Scotch-Brite Scrub Sponge Ideal For Dishwash Liquid,6500,9,0,5900,116,True,2,65.0,59.0,6.0,0.0
Home & Cleaning,Chakaachak Power Scrub (Pack of 2),4200,2,6,4100,116,False,2,42.0,41.0,1.0,246.0
Home & Cleaning,Om Bhakti Wick for Diya - Vanaspati Ghee Cotton Wicks Small,6900,11,6,6100,30,False,30,69.0,61.0,8.0,366.0
Home & Cleaning,Whiskas Adult +1 year Salmon in Gravy,25000,10,3,22500,85,False,1,250.0,225.0,25.0,675.0
Home & Cleaning,Origami Paper Party Plates,24000,0,6,24000,580,False,50,240.0,240.0,0.0,1440.0
Home & Cleaning,Gala Microfiber Multipurpose Cloth,14000,7,6,12900,58,False,1,140.0,129.0,11.0,774.0
Home & Cleaning,Ariel Matic Front Load Detergent Powder,26000,0,6,26000,1000,False,1,260.0,260.0,0.0,1560.0
Home & Cleaning,Gala No Dust Broom,19000,7,0,17500,58,True,1,190.0,175.0,15.0,0.0
Home & Cleaning,Ariel Matic Liquid Detergent Front Load,25000,0,4,25000,1000,False,1,250.0,250.0,0.0,1000.0
Home & Cleaning,Vim Dishwash Bar,2300,4,0,2200,300,True,300,23.0,22.0,1.0,0.0
Home & Cleaning,Chakaachak Dust Proof Broom,18000,2,6,17500,58,False,1,180.0,175.0,5.0,1050.0
Home & Cleaning,Harpic Power Fresh 6 Toilet Cleaner Rim Block Marine Splash,18800,10,4,16900,35,False,35,188.0,169.0,19.0,676.0
Home & Cleaning,Ariel Matic Front Load Liquid Detergent,22000,0,4,22000,1000,False,1,220.0,220.0,0.0,880.0
Home & Cleaning,Apsara Non Dust Eraser,6000,10,5,5400,1160,False,20,60.0,54.0,6.0,270.0
Home & Cleaning,Chakaachak Floor Pocha Large,5000,0,1,5000,58,False,1,50.0,50.0,0.0,50.0
Home & Cleaning,Surabhi Pure Camphor,5000,2,6,4900,25,False,25,50.0,49.0,1.0,294.0
Home & Cleaning,Scotch Brite Multi-Purpose Sponge Wipes,70000,17,6,58100,580,False,10,700.0,581.0,119.0,3486.0
Home & Cleaning,Ariel Matic Top Load Detergent Washing Powder,49900,0,1,49900,2000,False,2,499.0,499.0,0.0,499.0
Home & Cleaning,Om Bhakti Camphor Small,7900,10,6,7100,25,False,25,79.0,71.0,8.0,426.0
Home & Cleaning,Godrej Good Night Gold Flash Liquid Vapouriser,8900,0,0,8900,60,True,60,89.0,89.0,0.0,0.0
Home & Cleaning,Rin Detergent Powder,8600,2,0,8400,1000,True,1,86.0,84.0,2.0,0.0
Home & Cleaning,Surf Excel Easy Wash Detergent Powder,13600,3,0,13100,1000,True,1,136.0,131.0,5.0,0.0
Home & Cleaning,Rin Detergent Bar,1000,0,0,1000,140,True,140,10.0,10.0,0.0,0.0
Home & Cleaning,Odomos Mosquito Repellent Spray,9000,8,0,8200,100,True,100,90.0,82.0,8.0,0.0
Home & Cleaning,Chakaachak Super Steel Scrubber,1200,8,0,1100,58,True,1,12.0,11.0,1.0,0.0
Home & Cleaning,Lizol Double Concentrate Disinfectant Floor Cleaner Citrus,32500,5,6,30800,900,False,900,325.0,308.0,17.0,1848.0
Home & Cleaning,Om Bhakti Kumkum,1200,0,6,1200,15,False,15,12.0,12.0,0.0,72.0
"Meats, Fish & Eggs",TGFC Rohu Bengali Cut,24900,28,1,17900,500,False,500,249.0,179.0,70.0,179.0
"Meats, Fish & Eggs",Godrej Real Good Chicken Lollypop,17500,9,1,15800,580,False,10,175.0,158.0,17.0,158.0
"Meats, Fish & Eggs",Godrej Real Good Chicken Leg Boneless,27500,9,3,24800,450,False,450,275.0,248.0,27.0,744.0
"Meats, Fish & Eggs",Fresh Chicken Curry Cut - Skinless (Halal),14000,0,0,14000,500,True,500,140.0,140.0,0.0,0.0
"Meats, Fish & Eggs",Godrej Real Good Chicken Liver Sealed,7500,9,1,6800,200,False,200,75.0,68.0,7.0,68.0
"Meats, Fish & Eggs",TGFC Catla Bengali Cut,29000,29,1,20400,500,False,500,290.0,204.0,86.0,204.0
"Meats, Fish & Eggs",Zorabian Chicken Legs Skinless,21000,0,1,21000,450,False,450,210.0,210.0,0.0,210.0
"Meats, Fish & Eggs",Fresh Mutton Curry Cut Cubes (Halal),46500,4,1,44200,500,False,500,465.0,442.0,23.0,442.0
"Meats, Fish & Eggs",Godrej Real Good Chicken Legs,21000,10,1,18900,116,False,2,210.0,189.0,21.0,189.0
"Meats, Fish & Eggs",TGFC Basa Fillets,32900,24,1,24700,500,False,500,329.0,247.0,82.0,247.0
"Meats, Fish & Eggs",Godrej Real Good Chicken Whole Pre-Cut,30000,10,4,27000,1000,False,1,300.0,270.0,30.0,1080.0
"Meats, Fish & Eggs",Zorabian Chicken Breast Boneless,14500,0,0,14500,450,True,450,145.0,145.0,0.0,0.0
"Meats, Fish & Eggs",Fresh Mutton Mince - Kheema (Halal),51500,3,1,49500,500,False,500,515.0,495.0,20.0,495.0
"Meats, Fish & Eggs",Zorabian Chicken Breast Boneless,14500,8,3,13300,250,False,250,145.0,133.0,12.0,399.0
"Meats, Fish & Eggs",TGFC Chicken Curry Cut Fresh,24900,25,1,18600,500,False,500,249.0,186.0,63.0,186.0
"Meats, Fish & Eggs",TGFC Chicken Boneless Fresh Whole,26100,14,1,22200,500,False,500,261.0,222.0,39.0,222.0
"Meats, Fish & Eggs",Godrej Real Good Marinated Hot & Grill Chicken,24500,9,2,22100,450,False,450,245.0,221.0,24.0,442.0
"Meats, Fish & Eggs",TGFC Tilapia Curry Cut,25900,43,1,14700,500,False,500,259.0,147.0,112.0,147.0
"Meats, Fish & Eggs",Fresh Chicken Whole Leg - Skinless (Halal),16500,4,1,15700,500,False,500,165.0,157.0,8.0,157.0
"Meats, Fish & Eggs",Godrej Real Good Chicken Marinated Lollipop,20000,10,2,18000,580,False,10,200.0,180.0,20.0,360.0
"Meats, Fish & Eggs",Godrej Real Good Chicken Drumstick,26500,9,2,23900,500,False,500,265.0,239.0,26.0,478.0
"Meats, Fish & Eggs",Zorabian Pre Cut Chicken Skinless (Half),16500,0,1,16500,500,False,500,165.0,165.0,0.0,165.0
"Meats, Fish & Eggs",TGFC Bombay Duck Whole Cleaned,31900,14,1,27400,500,False,500,319.0,274.0,45.0,274.0
"Meats, Fish & Eggs",Godrej Real Good Chicken Kheema,25500,9,3,23000,450,False,450,255.0,230.0,25.0,690.0
"Meats, Fish & Eggs",Fresh Chicken Boneless Cubes (Halal),21500,5,1,20400,500,False,500,215.0,204.0,11.0,204.0
"Meats, Fish & Eggs",Godrej Real Good Chicken Breast Boneless,27500,9,6,24800,450,False,450,275.0,248.0,27.0,1488.0
"Meats, Fish & Eggs",Godrej Real Good Chicken Curry Cut,17500,9,3,15800,500,False,500,175.0,158.0,17.0,474.0
"Meats, Fish & Eggs",Fresh Chicken Mince - Kheema (Halal),21500,5,0,20400,500,True,500,215.0,204.0,11.0,0.0
"Meats, Fish & Eggs",Zorabian Chicken Mince,25000,0,0,25000,450,True,450,250.0,250.0,0.0,0.0
"Meats, Fish & Eggs",Zorabian Chicken Leg Boneless,25000,0,0,25000,450,True,450,250.0,250.0,0.0,0.0
"Meats, Fish & Eggs",Zorabian Chicken Cubes,27000,0,0,27000,500,True,500,270.0,270.0,0.0,0.0
"Meats, Fish & Eggs",Godrej Real Good Chicken Boneless Cubes,27500,9,0,24800,450,True,450,275.0,248.0,27.0,0.0
Paan Corner,Nivea Lip Balm Soft Rose for 24h Moisture with Natural Oils Delicate Rose Shine,18500,8,6,16900,5,False,4,185.0,169.0,16.0,1014.0
Paan Corner,Pantene Advanced Hair Fall Solution Silky Smooth Care Shampoo,12000,6,6,11200,180,False,180,120.0,112.0,8.0,672.0
Paan Corner,Patanjali Kesh Kanti Reetha Hair Cleanser,8500,0,5,8500,200,False,200,85.0,85.0,0.0,425.0
Paan Corner,Dabur Meswak Toothpaste,10000,0,1,10000,200,False,200,100.0,100.0,0.0,100.0
Paan Corner,Sunsilk Stunning Black Shine Shampoo,55500,6,6,52100,650,False,650,555.0,521.0,34.0,3126.0
Paan Corner,Fem Fairness Naturals Hair Removal Cream Fair & Soft - Rose,6500,10,6,5800,40,False,40,65.0,58.0,7.0,348.0
Paan Corner,L'Oreal Paris Shine Masque Royal Jelly Hair Colour,55000,0,3,55000,88,False,87,550.0,550.0,0.0,1650.0
Paan Corner,Gillette Classic Regular Pre Shave Foam,19900,0,4,19900,196,False,196,199.0,199.0,0.0,796.0
Paan Corner,Johnson's Baby Shampoo,18000,0,6,18000,200,False,200,180.0,180.0,0.0,1080.0
Paan Corner,Dove Daily Shine Conditioner,19000,0,6,19000,175,False,180,190.0,190.0,0.0,1140.0
Paan Corner,Himalaya Gentle Baby Shampoo,32000,17,6,26500,400,False,400,320.0,265.0,55.0,1590.0
Paan Corner,Dettol Lather Shaving Cream,7500,5,6,7100,78,False,78,75.0,71.0,4.0,426.0
Paan Corner,Clean & Clear Foaming Face Wash,14000,10,4,12600,100,False,100,140.0,126.0,14.0,504.0
Paan Corner,Engage Rush Deodorant For Men,19000,11,6,16900,150,False,150,190.0,169.0,21.0,1014.0
Paan Corner,Park Avenue Beer Shampoo,15500,9,4,14000,180,False,180,155.0,140.0,15.0,560.0
Paan Corner,Santoor Total Skin Care Soap With Sandal & Turmeric,18000,0,6,18000,600,False,600,180.0,180.0,0.0,1080.0
Paan Corner,Gillette Pre Shave Foam - Classic Regular Skin,22500,0,6,22500,418,False,418,225.0,225.0,0.0,1350.0
Paan Corner,Johnson's Baby Oil,11500,0,4,11500,100,False,100,115.0,115.0,0.0,460.0
Paan Corner,L'Oreal Paris Dream Lengths Shampoo,14900,0,6,14900,192,False,192,149.0,149.0,0.0,894.0
Paan Corner,Johnson's Baby Soap,10500,0,6,10500,150,False,150,105.0,105.0,0.0,630.0
Paan Corner,Engage Man Rush Deodorant,19500,9,6,17600,150,False,150,195.0,176.0,19.0,1056.0
Paan Corner,Vaseline Intensive Care Aloe Fresh,22500,9,6,20300,200,False,200,225.0,203.0,22.0,1218.0
Paan Corner,Pampers Premium Care New Baby Pants,32000,0,4,32000,24,False,24,320.0,320.0,0.0,1280.0
Paan Corner,Clean & Clear Morning Energy Berry Face Wash,15500,6,6,14500,100,False,100,155.0,145.0,10.0,870.0
Paan Corner,Neutrogena Deep Clean Foaming Cleanser,13000,11,2,11500,50,False,50,130.0,115.0,15.0,230.0
Paan Corner,Patanjali Kesh Kanti Aloe Vera Hair Cleanser,8500,0,5,8500,200,False,200,85.0,85.0,0.0,425.0
Paan Corner,Nivea Soft Moisturizing Cream,31000,12,1,27200,200,False,200,310.0,272.0,38.0,272.0
Paan Corner,"Colgate Kids Toothpaste - 6+ Years, Strawberry Flavour",9300,5,6,8800,80,False,80,93.0,88.0,5.0,528.0
Paan Corner,TRESemme Smooth And Shine Conditioner,22000,0,5,22000,190,False,190,220.0,220.0,0.0,1100.0
Paan Corner,Fogg Master - Royal Intense,25000,0,5,25000,120,False,120,250.0,250.0,0.0,1250.0
Paan Corner,Pantene Hair Fall Control Shampoo,24000,7,2,22100,340,False,340,240.0,221.0,19.0,442.0
Paan Corner,Nivea Cocoa Nourish Body Lotion With Coconut Oil & Cocoa Butter For Very Dry Skin,29900,17,5,24700,200,False,200,299.0,247.0,52.0,1235.0
Paan Corner,Listerine Fresh Burst Mouthwash,14000,10,4,12600,250,False,250,140.0,126.0,14.0,504.0
Paan Corner,Fiama Di Wills Shower Gel Patchouli & Macadamia,19900,10,6,17900,250,False,250,199.0,179.0,20.0,1074.0
Paan Corner,"L'Oreal Paris Excellence Creme Hair Color, 4 Natural Brown/Natural Dark Brown",62000,0,1,62000,172,False,172,620.0,620.0,0.0,620.0
Paan Corner,Johnson's Baby Cream,15000,0,6,15000,100,False,100,150.0,150.0,0.0,900.0
Paan Corner,Colgate Sensitive Soft Bristles Toothbrush,5000,0,6,5000,58,False,1,50.0,50.0,0.0,300.0
Paan Corner,Gillette Mach 3 Start,24900,0,6,24900,116,False,2,249.0,249.0,0.0,1494.0
Paan Corner,Dettol Original Germ Protection Bathing Soap Bar,16600,5,4,15700,375,False,375,166.0,157.0,9.0,628.0
Paan Corner,Dettol Intense Cool Soap (B4G1),26000,5,6,24700,625,False,625,260.0,247.0,13.0,1482.0
Paan Corner,Livon Anti-Frizz Serum,25000,10,3,22500,100,False,100,250.0,225.0,25.0,675.0
Paan Corner,Lifebuoy Germ Protection Care Soap Bar,3000,3,3,2900,100,False,125,30.0,29.0,1.0,87.0
Paan Corner,Lux International Creamy White Soap Bar,7000,10,6,6300,125,False,125,70.0,63.0,7.0,378.0
Paan Corner,Godrej Nupur  100% Pure Henna (Mehendi),1000,0,6,1000,18,False,18,10.0,10.0,0.0,60.0
Paan Corner,Glow & Lovely Advanced Multivitamin Face Cream,21300,10,6,19000,110,False,110,213.0,190.0,23.0,1140.0
Paan Corner,Set Wet Style Vertical Hold Hair Gel,5000,10,4,4500,50,False,50,50.0,45.0,5.0,180.0
Paan Corner,"Godrej Expert Rich Crème, Natural Black",3000,0,6,3000,20,False,20,30.0,30.0,0.0,180.0
Paan Corner,Nycil Germ Expert Cool Herbal Talc,13000,8,1,11900,150,False,200,130.0,119.0,11.0,119.0
Paan Corner,Godrej Expert Creme Hair Natural Brown Colour,3000,0,6,3000,20,False,20,30.0,30.0,0.0,180.0
Paan Corner,Pantene Advanced Hair Fall Solution Shampoo - Total Damage Care,26400,0,6,26400,340,False,340,264.0,264.0,0.0,1584.0
Paan Corner,Closeup Everfresh+ Anti-Germ Gel Toothpaste Red Hot,5000,2,1,4900,80,False,80,50.0,49.0,1.0,49.0
Paan Corner,Pears Pure And Gentle Value Pack Of 3 Bathing Soap,19900,6,5,18600,375,False,375,199.0,186.0,13.0,930.0
Paan Corner,Vaseline Skin Protecting Jelly,7900,13,6,6800,50,False,50,79.0,68.0,11.0,408.0
Paan Corner,Pears Pure & Gentle Glycerin Bath Soap,7500,0,6,7500,125,False,125,75.0,75.0,0.0,450.0
Paan Corner,Indulekha Bhringa Hair Oil,43200,15,6,36700,100,False,100,432.0,367.0,65.0,2202.0
Paan Corner,Colgate Max Fresh Cooling Crystals Toothpaste,10100,5,2,9500,150,False,150,101.0,95.0,6.0,190.0
Paan Corner,Johnson's Baby Top To Toe Bath Body Wash,16500,0,4,16500,210,False,210,165.0,165.0,0.0,660.0
Paan Corner,Himalaya Purifying Neem Face Wash Tube,27000,15,6,22900,300,False,300,270.0,229.0,41.0,1374.0
Paan Corner,Mamaearth Ubtan Face Scrub Turmeric & Walnut,34900,10,1,31400,100,False,100,349.0,314.0,35.0,314.0
Paan Corner,Engage M2 Perfume Spray For Men,20000,10,6,18000,120,False,120,200.0,180.0,20.0,1080.0
Paan Corner,Nivea Soft Light Moisturizer for Face Hand & Body Non-Sticky Cream with Vitamin E & Jojoba Oil,31000,15,6,26300,200,False,200,310.0,263.0,47.0,1578.0
Paan Corner,Himalaya Anti-Hair Fall Shampoo,23000,18,1,18800,400,False,400,230.0,188.0,42.0,188.0
Paan Corner,Clove Sensitive Toothpaste with Anti-Sensitivity & Fluoride Formulation,16000,35,3,10400,80,False,80,160.0,104.0,56.0,312.0
Paan Corner,Scalpe Pro Anti dandruff Shampoo 100ml,18500,0,2,18500,100,False,100,185.0,185.0,0.0,370.0
Paan Corner,Dettol SKincare Handwash Value Refill,10900,3,6,10500,750,False,750,109.0,105.0,4.0,630.0
Paan Corner,Savlon Herbal Sensitive Liquid Handwash Refill Pouch,11500,4,6,11000,750,False,500,115.0,110.0,5.0,660.0
Paan Corner,Colgate Total 12 Whole Mouth Protection Toothpaste,12000,10,6,10800,120,False,120,120.0,108.0,12.0,648.0
Paan Corner,Lux International Creamy White Soap Bar,3500,2,6,3400,75,False,75,35.0,34.0,1.0,204.0
Paan Corner,Colgate Herbal Toothpaste,11400,18,2,9300,200,False,200,114.0,93.0,21.0,186.0
Paan Corner,Nivea Men Deodorant Fresh Active 48h Long lasting Freshness,22500,24,6,16900,150,False,150,225.0,169.0,56.0,1014.0
Paan Corner,Dabur Meswak Toothpaste,5800,5,6,5500,100,False,100,58.0,55.0,3.0,330.0
Paan Corner,Colgate Visible White Toothpaste,11500,10,6,10300,100,False,100,115.0,103.0,12.0,618.0
Paan Corner,Gillette Mach 3 Turbo Cartridges,64900,10,6,57800,232,False,4,649.0,578.0,71.0,3468.0
Paan Corner,Pantene Adv Hairfall Solution Conditioner Silky Smooth,19000,0,5,19000,200,False,200,190.0,190.0,0.0,950.0
Paan Corner,Himalaya Anti Dandruff Shampoo,26000,18,1,21300,400,False,400,260.0,213.0,47.0,213.0
Paan Corner,Pampers Active Baby Diapers New Born Extra Small,36000,10,6,32400,24,False,24,360.0,324.0,36.0,1944.0
Paan Corner,Savlon Moisture Shield Hand Wash,6900,0,5,6900,200,False,200,69.0,69.0,0.0,345.0
Paan Corner,Himalaya Moisturising Aloe Vera Facial Wipes,10000,10,6,9000,25,False,25,100.0,90.0,10.0,540.0
Paan Corner,Pantene Total Damage Care Shampoo,12000,0,6,12000,180,False,180,120.0,120.0,0.0,720.0
Paan Corner,Colgate Toothpaste For Kids Motu Oatlu,9300,0,6,9300,80,False,80,93.0,93.0,0.0,558.0
Paan Corner,Colgate Sensitive Plus Anticavity Toothpaste,14000,10,6,12600,70,False,70,140.0,126.0,14.0,756.0
Paan Corner,Old Spice Lime Lather Shaving Cream,7500,0,6,7500,70,False,70,75.0,75.0,0.0,450.0
Paan Corner,Himalaya Baby Lotion,30000,12,1,26400,400,False,400,300.0,264.0,36.0,264.0
Paan Corner,TRESemme Smooth And Shine Conditioner,21000,13,1,18200,190,False,190,210.0,182.0,28.0,182.0
Paan Corner,Head & Shoulders 2-in-1 Active Protect Shampoo,37500,9,6,33800,340,False,340,375.0,338.0,37.0,2028.0
Paan Corner,Nupur Heena Mehandi,19900,0,6,19900,500,False,500,199.0,199.0,0.0,1194.0
Paan Corner,Set Wet Deodrant Charm Avatar,19900,0,1,19900,150,False,150,199.0,199.0,0.0,199.0
Paan Corner,Pampers All Round Protection Pants - Medium,69900,17,6,57500,50,False,50,699.0,575.0,124.0,3450.0
Paan Corner,Himalaya Anti Hair Fall Shampoo,49000,25,4,36700,700,False,700,490.0,367.0,123.0,1468.0
Paan Corner,Johnson's Baby Oil,20000,0,6,20000,200,False,200,200.0,200.0,0.0,1200.0
Paan Corner,Vaseline Intensive Care Deep Moisture Body Lotion,32500,0,4,32500,400,False,400,325.0,325.0,0.0,1300.0
Paan Corner,L'Oreal Paris Dream Lengths Conditioner,19900,0,1,19900,193,False,193,199.0,199.0,0.0,199.0
Paan Corner,Himalaya Baby Powder,23500,20,6,18800,400,False,400,235.0,188.0,47.0,1128.0
Paan Corner,Gillette Presto Ready Shaver 5 Cartridges,8800,6,6,8200,290,False,5,88.0,82.0,6.0,492.0
Paan Corner,Himalaya Baby Nourishing Massage Oil,20000,20,2,16000,200,False,250,200.0,160.0,40.0,320.0
Paan Corner,"Head & Shoulders Shampoo + Conditioner - 2-In-1, Cool Menthol",36500,0,1,36500,340,False,340,365.0,365.0,0.0,365.0
Paan Corner,Bombay Shaving Company Defender Razor,34500,0,6,34500,58,False,1,345.0,345.0,0.0,2070.0
Paan Corner,Head & Shoulders Anti Dandruff Shampoo Cool Menthol,29500,9,6,26600,340,False,340,295.0,266.0,29.0,1596.0
Paan Corner,Dove Hair Fall Rescue Shampoo,28000,15,6,23600,340,False,340,280.0,236.0,44.0,1416.0
Paan Corner,Set Wet Swag Avatar Deodorant & Body Spray Perfume For Men,19900,0,1,19900,150,False,150,199.0,199.0,0.0,199.0
Paan Corner,Dove Dryness Care Shampoo,26800,5,1,25200,340,False,340,268.0,252.0,16.0,252.0
Paan Corner,Listerine Original Mouthwash,15000,10,6,13500,250,False,250,150.0,135.0,15.0,810.0
Paan Corner,Mamaearth Moisturizing Baby Bath Soap,24900,0,4,24900,150,False,150,249.0,249.0,0.0,996.0
Paan Corner,Head & Shoulders Anti-Dandruff Smooth & Silky Shampoo,28500,6,6,26600,340,False,340,285.0,266.0,19.0,1596.0
Paan Corner,L'Oreal Paris Dream Lengths Conditioner,20900,0,3,20900,193,False,193,209.0,209.0,0.0,627.0
Paan Corner,Palmolive Feel The Massage Shower Gel,24900,20,6,19900,250,False,250,249.0,199.0,50.0,1194.0
Paan Corner,Nivea Soft Light Moisturizing Cream,18500,15,6,15700,100,False,100,185.0,157.0,28.0,942.0
Paan Corner,Himalaya Gentle Baby Shampoo,17000,14,6,14600,200,False,200,170.0,146.0,24.0,876.0
Paan Corner,"Garnier Skin Naturals, Micellar Cleansing Water",19900,5,4,18900,125,False,125,199.0,189.0,10.0,756.0
Paan Corner,Pantene Silky Smooth Care Shampoo,22500,6,3,21000,340,False,340,225.0,210.0,15.0,630.0
Paan Corner,Chik Hairfall Prevent Egg Shampoo,17800,0,6,17800,340,False,340,178.0,178.0,0.0,1068.0
Paan Corner,"L'Oreal Paris Excellence Creme Hair Color, 3.16 Burgundy",55000,0,3,55000,159,False,172,550.0,550.0,0.0,1650.0
Paan Corner,Neutrogena Deep Clean Facial Cleanser,13000,0,4,13000,50,False,50,130.0,130.0,0.0,520.0
Paan Corner,Nivea Body Shea Smooth with Shea Butter for Dry Skin,42500,20,5,34000,400,False,9,425.0,340.0,85.0,1700.0
Paan Corner,Santoor Almond Soft With Sandal & Almond Milk,18000,0,2,18000,625,False,625,180.0,180.0,0.0,360.0
Paan Corner,Listerine Original Mouthwash,5500,9,6,5000,80,False,80,55.0,50.0,5.0,300.0
Paan Corner,Veet Full Body Waxing Kit,23500,7,6,21800,1160,False,20,235.0,218.0,17.0,1308.0
Paan Corner,Listerine Fresh Burst Mouthwash,28500,7,6,26300,500,False,500,285.0,263.0,22.0,1578.0
Paan Corner,Johnson's Baby Powder,23500,0,6,23500,400,False,400,235.0,235.0,0.0,1410.0
Paan Corner,Oral-B Charcoal Cross Cross Extra Soft Toothbrush (Buy 2 Get 1 Free),18000,0,1,18000,174,False,3,180.0,180.0,0.0,180.0
Paan Corner,Clean & Clear Foaming Face Wash,18000,10,6,16200,150,False,150,180.0,162.0,18.0,972.0
Paan Corner,Vaseline Original Skin Protecting Jelly,12500,10,6,11200,100,False,100,125.0,112.0,13.0,672.0
Paan Corner,Fiama Men's Refreshing Pulse Shower Gel,19900,10,6,17900,250,False,250,199.0,179.0,20.0,1074.0
Paan Corner,Pampers Premium Care Pants - Medium,109900,18,6,89900,54,False,54,1099.0,899.0,200.0,5394.0
Paan Corner,Mamaearth Daily Moisturizing Lotion For Babies,19900,0,6,19900,200,False,200,199.0,199.0,0.0,1194.0
Paan Corner,Himalaya Prickly Heat Baby Powder,9000,10,6,8100,100,False,100,90.0,81.0,9.0,486.0
Paan Corner,Fiama Lemongrass and Jojoba Shower Gel,22500,20,6,18000,250,False,250,225.0,180.0,45.0,1080.0
Paan Corner,Himalaya Men Pimple Clear Neem Face Wash,18000,9,2,16300,100,False,100,180.0,163.0,17.0,326.0
Paan Corner,Bombay Shaving Company Charcoal Face Wash,24900,0,4,24900,100,False,100,249.0,249.0,0.0,996.0
Paan Corner,Mamaearth Skin Correct Face Serum,59900,15,1,50900,30,False,30,599.0,509.0,90.0,509.0
Paan Corner,Sunsilk Lusciously Thick & Long Shampoo,55500,6,6,52100,650,False,650,555.0,521.0,34.0,3126.0
Paan Corner,Clean & Clear Morning Energy Aqua Splash Face Wash,14500,9,5,13100,100,False,100,145.0,131.0,14.0,655.0
Paan Corner,Woodwards Gripe Water,5000,0,4,5000,130,False,130,50.0,50.0,0.0,200.0
Paan Corner,"Nivea Creme, All Season Multi-Purpose Cream",17500,9,6,15800,100,False,100,175.0,158.0,17.0,948.0
Paan Corner,Pampers Active Baby Diapers New Born Extra Small,109900,22,3,84900,72,False,72,1099.0,849.0,250.0,2547.0
Paan Corner,Pampers Pants - Medium,69900,21,1,54900,50,False,50,699.0,549.0,150.0,549.0
Paan Corner,Colgate Kids 2+ Years Extra Soft Toothbrush,2000,0,3,2000,58,False,1,20.0,20.0,0.0,60.0
Paan Corner,Fem Fairness Natural Gold Skin Bleach,8500,7,4,7900,64,False,64,85.0,79.0,6.0,316.0
Paan Corner,Head & Shoulders 2 In 1 Anti Dandruff Smooth & Silky Shampoo+Conditioner,37500,10,6,33400,340,False,340,375.0,334.0,41.0,2004.0
Paan Corner,"Engage Urge Deodorant For Men, Citrus And Woody, Skin Friendly",19500,10,6,17400,150,False,150,195.0,174.0,21.0,1044.0
Paan Corner,Pampers Pants - Large,154900,45,3,84900,82,False,82,1549.0,849.0,700.0,2547.0
Paan Corner,Nivea Body Lotion Aloe Hydration For Normal Skin,27500,10,6,24700,200,False,200,275.0,247.0,28.0,1482.0
Paan Corner,L'Oreal Anti Hair Fall Conditioner,19900,0,6,19900,192,False,192,199.0,199.0,0.0,1194.0
Paan Corner,Dove Daily Shine Shampoo,24000,0,4,24000,340,False,340,240.0,240.0,0.0,960.0
Paan Corner,Engage Deo Frost,19500,9,6,17600,150,False,150,195.0,176.0,19.0,1056.0
Paan Corner,Closeup Everfresh+ Anti-Germ Gel Toothpaste Red Hot,16000,10,4,14400,300,False,300,160.0,144.0,16.0,576.0
Paan Corner,Nivea Soft Light Moisturizer for Face Hand & Body Non-Sticky Cream with Vitamin E & Jojoba Oil,18500,15,3,15700,100,False,100,185.0,157.0,28.0,471.0
Paan Corner,Oral-B Extra Soft Bristles Sensitive,9800,0,4,9800,232,False,4,98.0,98.0,0.0,392.0
Paan Corner,Engage M3 Perfume Spray for Men,20000,10,3,18000,120,False,120,200.0,180.0,20.0,540.0
Paan Corner,Mamaearth Deeply Nourishing wash for Babies,19900,0,4,19900,200,False,200,199.0,199.0,0.0,796.0
Paan Corner,Dettol Original Soap (B4G1),26000,5,6,24700,625,False,625,260.0,247.0,13.0,1482.0
Paan Corner,Woodward's Gripe Water,7500,0,6,7500,200,False,200,75.0,75.0,0.0,450.0
Paan Corner,"MamyPoko Pants Extra Absorb Diapers, New Born",29900,6,5,27900,28,False,28,299.0,279.0,20.0,1395.0
Paan Corner,Johnson's Baby Soap,7000,0,6,7000,100,False,100,70.0,70.0,0.0,420.0
Paan Corner,Engage M4 Perfume Spray For Men,20000,10,6,18000,120,False,120,200.0,180.0,20.0,1080.0
Paan Corner,Fem Fairness Naturals Hair Removal Cream Fair & Soft - Gold,6500,10,4,5800,40,False,40,65.0,58.0,7.0,232.0
Paan Corner,Dove Hair Fall Rescue Conditioner,19000,0,4,19000,175,False,175,190.0,190.0,0.0,760.0
Paan Corner,Himalaya Anti Hair Fall Shampoo,13000,12,2,11400,200,False,200,130.0,114.0,16.0,228.0
Paan Corner,Fiama Peach & Avocado Gel Bar,17600,10,3,15800,375,False,375,176.0,158.0,18.0,474.0
Paan Corner,Pears Pure & Gentle Value Pack Of 4 Bathing Soap,12500,0,6,12500,75,False,75,125.0,125.0,0.0,750.0
Paan Corner,Fiama Fresh Hand Wash,15000,6,3,14000,400,False,400,150.0,140.0,10.0,420.0
Paan Corner,Palmolive Black Orchid And Milk Liquid Hand Wash,9900,10,6,8900,250,False,250,99.0,89.0,10.0,534.0
Paan Corner,Palmolive Naturals Sea Minerals Liquid Hand Wash,9900,10,6,8900,250,False,250,99.0,89.0,10.0,534.0
Paan Corner,L'Oreal Paris Casting Creme Gloss Hair Color (Dark Brown 400),55000,0,4,55000,159,False,159,550.0,550.0,0.0,2200.0
Paan Corner,Mamaearth Onion Hair Oil,39900,10,6,35900,150,False,150,399.0,359.0,40.0,2154.0
Paan Corner,L'Oreal Casting Creme Ebony Black Hair Color,55000,0,6,55000,159,False,87,550.0,550.0,0.0,3300.0
Paan Corner,Himalaya Baby Powder,8000,8,4,7300,100,False,100,80.0,73.0,7.0,292.0
Paan Corner,Fiama Men's Refreshing Pulse Shower Gel,22500,20,4,18000,250,False,250,225.0,180.0,45.0,720.0
Paan Corner,Johnson's Baby Powder,14300,0,6,14300,200,False,200,143.0,143.0,0.0,858.0
Paan Corner,Dove Cream Beauty Bathing Bar,23500,9,6,21200,125,False,125,235.0,212.0,23.0,1272.0
Paan Corner,Patanjali Kesh Kanti Shikakai Hair Cleanser,9500,0,4,9500,200,False,200,95.0,95.0,0.0,380.0
Paan Corner,L'Oreal Paris Color Protect Conditioner,19900,0,3,19900,192,False,192,199.0,199.0,0.0,597.0
Paan Corner,Oral-B Criss Cross Medium Toothbrush (Buy 2 Get 2 Free),16000,0,5,16000,232,False,4,160.0,160.0,0.0,800.0
Paan Corner,Nivea Men Active Clean with Active Charcoal Shower Gel for Body Face & Hair,19900,4,5,19100,250,False,250,199.0,191.0,8.0,955.0
Paan Corner,Godrej Easy Natural Black Hair Colour,2500,0,5,2500,20,False,20,25.0,25.0,0.0,125.0
Paan Corner,Dabur Gulabari Rose Water Daily Glow,8000,6,2,7500,250,False,250,80.0,75.0,5.0,150.0
Paan Corner,Himalaya Purifying Neem Face Wash,17000,10,6,15300,150,False,150,170.0,153.0,17.0,918.0
Paan Corner,Fem Fairness Naturals Gold Skin Bleach,6500,9,3,5900,24,False,24,65.0,59.0,6.0,177.0
Paan Corner,Fogg Paradise Fragrant Body Spray For Women,25000,0,6,25000,150,False,150,250.0,250.0,0.0,1500.0
Paan Corner,Dove Dandruff Care Shampoo,15800,6,5,14700,180,False,180,158.0,147.0,11.0,735.0
Paan Corner,Head & Shoulders Anti Dandruff Anti Hairfall Shampoo,28500,0,5,28500,340,False,240,285.0,285.0,0.0,1425.0
Paan Corner,L'Oreal 6 Oil Nourish Conditioner,13500,0,1,13500,192,False,192,135.0,135.0,0.0,135.0
Paan Corner,Gillette Mach 3 Turbo Razor,34900,6,5,32500,58,False,1,349.0,325.0,24.0,1625.0
Paan Corner,Himalaya Baby Lotion,16500,12,3,14500,200,False,200,165.0,145.0,20.0,435.0
Paan Corner,Head & Shoulders 2-in-1 Cool Menthol Anti Dandruff Shampoo + Conditioner,37500,0,1,37500,340,False,180,375.0,375.0,0.0,375.0
Paan Corner,Head & shoulders Anti Dandruff Shampoo Cool Menthol,17000,0,6,17000,180,False,180,170.0,170.0,0.0,1020.0
Paan Corner,Godrej Nupur Henna,7500,0,5,7500,150,False,120,75.0,75.0,0.0,375.0
Paan Corner,Johnson's Baby Lotion,10000,0,4,10000,100,False,100,100.0,100.0,0.0,400.0
Paan Corner,Himalaya Anti Dandruff Shampoo,14000,10,1,12600,200,False,200,140.0,126.0,14.0,126.0
Paan Corner,Maybelline New York Colossal Kajal Super Black,30000,8,3,27500,0,False,0,300.0,275.0,25.0,825.0
Paan Corner,Dove Daily Shine Shampoo,64500,5,3,61200,650,False,650,645.0,612.0,33.0,1836.0
Paan Corner,Lakme Sun Expert,22500,0,6,22500,60,False,60,225.0,225.0,0.0,1350.0
Paan Corner,Godrej Easy 5 Minute Natural Brown 4 Hair Colour,2900,0,5,2900,20,False,20,29.0,29.0,0.0,145.0
Paan Corner,Colgate Max Fresh Peppermint Toothpaste,18200,15,6,15400,300,False,300,182.0,154.0,28.0,924.0
Paan Corner,Pond's Light Moisturiser,30900,10,6,27800,250,False,250,309.0,278.0,31.0,1668.0
Paan Corner,Engage Mate For Man Deo Spray,19500,10,5,17400,150,False,150,195.0,174.0,21.0,870.0
Paan Corner,Pantene Advanced Hair Fall Solution Shampoo - Total Damage Care,12000,0,5,12000,180,False,180,120.0,120.0,0.0,600.0
Paan Corner,Colgate Slim Soft Charcoal Toothbrush,15000,18,4,12300,232,False,4,150.0,123.0,27.0,492.0
Paan Corner,Fiama Scents Juniper & Geranium Body Wash,19900,6,5,18600,250,False,250,199.0,186.0,13.0,930.0
Paan Corner,Colgate Sensitive Plus Enamel Toothpaste Tube,14000,0,6,14000,160,False,160,140.0,140.0,0.0,840.0
Paan Corner,Nivea Body Milk Lotion for Very Dry Skin,39900,20,6,31900,400,False,400,399.0,319.0,80.0,1914.0
Paan Corner,Comfy Baby Pants XL 12-17 kg,42900,15,1,36400,24,False,24,429.0,364.0,65.0,364.0
Paan Corner,Sunsilk Lusciously Thick & Long Shampoo,24900,6,6,23400,340,False,340,249.0,234.0,15.0,1404.0
Paan Corner,Fiama Di Wills Men's Refreshing Pulse Shower Gel,22500,4,3,21400,250,False,250,225.0,214.0,11.0,642.0
Paan Corner,Sebamed Anti - Dandruff Shampoo,60000,10,2,54000,200,False,200,600.0,540.0,60.0,1080.0
Paan Corner,Listerine Cool Mint Mouthwash - Mild Taste,15000,10,6,13500,250,False,250,150.0,135.0,15.0,810.0
Paan Corner,"L'Oreal Paris Excellence Creme Hair Color, 4.25 Aishwarya's Brown",62000,0,6,62000,172,False,172,620.0,620.0,0.0,3720.0
Paan Corner,Himalaya Gentle Baby Bath,16500,9,6,15000,200,False,200,165.0,150.0,15.0,900.0
Paan Corner,"L'Oreal Paris Casting Creme Gloss Hair Color, Medium Brown 500",55000,0,4,55000,160,False,159,550.0,550.0,0.0,2200.0
Paan Corner,Dettol Liquid Handwash With Free Liquid,9900,0,6,9900,200,False,200,99.0,99.0,0.0,594.0
Paan Corner,L'Oreal Paris Color Protect Shampoo,28200,0,3,28200,360,False,360,282.0,282.0,0.0,846.0
Paan Corner,Colgate Plax Peppermint Mouthwash,15000,20,5,12000,250,False,250,150.0,120.0,30.0,600.0
Paan Corner,Dove Daily Shine Conditioner,9000,10,1,8100,80,False,80,90.0,81.0,9.0,81.0
Paan Corner,Patanjali Kesh Kanti Anti Dandruff Hair Cleanser,11000,0,6,11000,200,False,200,110.0,110.0,0.0,660.0
Paan Corner,Old Spice Original After Shave Lotion,25000,0,1,25000,150,False,150,250.0,250.0,0.0,250.0
Paan Corner,Dove Hair Fall Rescue Shampoo,13700,10,4,12300,180,False,180,137.0,123.0,14.0,492.0
Paan Corner,Nivea Soft Light Moisturizer for Face Hand & Body Non-Sticky Cream with Vitamin E & Jojoba Oil,39900,20,3,31900,300,False,300,399.0,319.0,80.0,957.0
Paan Corner,Fiama Di Wills Lemongrass & Jojoba Gel Bar,17600,10,6,15800,375,False,375,176.0,158.0,18.0,948.0
Paan Corner,Old Spice After Shave Lotion Musk,21500,6,3,20000,100,False,100,215.0,200.0,15.0,600.0
Paan Corner,Gillette Lemon Lime Shaving Foam,19900,11,4,17700,196,False,196,199.0,177.0,22.0,708.0
Paan Corner,Johnson's Baby Skincare Wipes,24500,9,6,22100,72,False,72,245.0,221.0,24.0,1326.0
Paan Corner,Dettol Skincare Liquid Hand Wash,7900,0,6,7900,200,False,200,79.0,79.0,0.0,474.0
Paan Corner,Old Spice Original Lather Shaving Cream,7500,9,6,6800,70,False,70,75.0,68.0,7.0,408.0
Paan Corner,L'Oreal Paris Total Repair 5 Shampoo,26500,0,2,26500,396,False,360,265.0,265.0,0.0,530.0
Paan Corner,Fiama Menthol & Magnolia Cooling Gel Bar Soap,16000,11,6,14100,375,False,375,160.0,141.0,19.0,846.0
Paan Corner,Nivea Lip Balm Original Care for 24h Moisture with Shea Butter & Natural Oils,14000,15,6,11900,5,False,4,140.0,119.0,21.0,714.0
Paan Corner,Oral-B Charcoal Deep Clean Stain Removal Toothbrush Soft,9900,0,3,9900,232,False,4,99.0,99.0,0.0,297.0
Paan Corner,Johnson's Baby Skincare Wipes,7900,6,6,7400,1160,False,20,79.0,74.0,5.0,444.0
Paan Corner,Neutrogena Ultra Sheer Dry Touch SPF 50+ Sunblock Sunscreen Lotion,25000,10,3,22500,30,False,30,250.0,225.0,25.0,675.0
Paan Corner,Johnson's Baby No More Tears Baby Shampoo,9800,0,5,9800,100,False,100,98.0,98.0,0.0,490.0
Paan Corner,Colgate Zig Zag Toothbrush,12000,0,3,12000,348,False,6,120.0,120.0,0.0,360.0
Paan Corner,Savlon Moisture Shield Germ Protection Handwash Refill (Buy 1 Get 1 Free),18900,0,6,18900,1500,False,1500,189.0,189.0,0.0,1134.0
Paan Corner,Colgate Sensitive Everyday Protection Anticavity Toothpaste,7500,0,6,7500,40,False,40,75.0,75.0,0.0,450.0
Paan Corner,Garnier Colour Naturals Hair Colour - 1 Natural Black,8000,0,1,8000,60,False,60,80.0,80.0,0.0,80.0
Paan Corner,Axe Pulse Men's Deodorant,21000,0,6,21000,150,False,150,210.0,210.0,0.0,1260.0
Paan Corner,Clinic Plus Strong & Long Health Shampoo,49900,10,3,44900,650,False,650,499.0,449.0,50.0,1347.0
Paan Corner,Colgate Zigzag Charcoal Soft Bristle Toothbrush - 4 Pcs,9900,0,6,9900,232,False,4,99.0,99.0,0.0,594.0
Paan Corner,Parachute Jasmine Hair Oil,8200,9,6,7400,190,False,190,82.0,74.0,8.0,444.0
Paan Corner,Dove Intense Repair Conditioner,19000,14,6,16200,175,False,80,190.0,162.0,28.0,972.0
Paan Corner,Fiama Gel Bar Celebration Pack Buy 4 Get 1 Free,29000,10,6,26100,625,False,625,290.0,261.0,29.0,1566.0
Paan Corner,Gillette Sensitive Shaving Foam,22500,6,4,21000,418,False,418,225.0,210.0,15.0,840.0
Paan Corner,Dove Hair Fall Rescue Shampoo,15000,6,5,14100,180,False,180,150.0,141.0,9.0,705.0
Paan Corner,Gillette Mach 3 Mens Razor Blades,49900,7,4,46000,232,False,4,499.0,460.0,39.0,1840.0
Paan Corner,Palmolive Aroma Absolute Relax Shower Gel,19900,20,2,15900,250,False,250,199.0,159.0,40.0,318.0
Paan Corner,Godrej Protekt Germ Fighter Handwash,9900,0,6,9900,750,False,750,99.0,99.0,0.0,594.0
Paan Corner,Dabur Gulabari Rose Glow Face Cleanse,7500,5,4,7100,100,False,100,75.0,71.0,4.0,284.0
Paan Corner,Dabur Amla Hair Oil,8800,0,2,8800,180,False,180,88.0,88.0,0.0,176.0
Paan Corner,L'Oreal Paris Total Repair 5 Conditioner,19900,0,6,19900,192,False,180,199.0,199.0,0.0,1194.0
Paan Corner,Patanjali Saundarya Aloe Vera Gel,9000,0,5,9000,150,False,150,90.0,90.0,0.0,450.0
Paan Corner,Head & Shoulders 2 In 1 Anti Dandruff Shampoo Conditioner,19500,10,4,17400,180,False,180,195.0,174.0,21.0,696.0
Paan Corner,Clean & Clear Pimple Clearing Face Wash,13000,10,2,11700,80,False,80,130.0,117.0,13.0,234.0
Paan Corner,Himalaya Anti Dandruff Shampoo,14000,8,2,12800,200,False,200,140.0,128.0,12.0,256.0
Paan Corner,Savlon Moisture Shield Hand Wash,9900,4,6,9500,750,False,750,99.0,95.0,4.0,570.0
Paan Corner,Dettol Original Liquid Handwash,8900,4,6,8500,200,False,200,89.0,85.0,4.0,510.0
Paan Corner,"Godrej Expert Rich Crème, Dark Brown",3000,0,4,3000,20,False,20,30.0,30.0,0.0,120.0
Paan Corner,Axe Dark Temptation Men's Deodorant,21000,7,5,19400,150,False,150,210.0,194.0,16.0,970.0
Paan Corner,Oral-B Charcoal Deep Clean Stain Removal Toothbrush Medium,9900,0,1,9900,232,False,4,99.0,99.0,0.0,99.0
Paan Corner,Mamaearth 100% Natural Berry Blast Kids Toothpaste,14900,10,4,13400,50,False,50,149.0,134.0,15.0,536.0
Paan Corner,HImalaya Gentle Baby Wipes,20000,10,3,18000,72,False,72,200.0,180.0,20.0,540.0
Paan Corner,"L'Oreal Paris Excellence Creme Hair Color, 1 Black",62000,0,1,62000,172,False,172,620.0,620.0,0.0,620.0
Paan Corner,Fem Fairness Naturals Saffron Skin Bleach,8500,15,4,7200,64,False,64,85.0,72.0,13.0,288.0
Paan Corner,Engage Woman Blush Body Deo Spray,19500,10,5,17400,150,False,150,195.0,174.0,21.0,870.0
Paan Corner,Nivea Creme All Season Multi-Purpose Cream,17500,10,4,15700,100,False,100,175.0,157.0,18.0,628.0
Paan Corner,Dove Pink Rosa Beauty Bathinhg Bar,6000,0,6,6000,100,False,100,60.0,60.0,0.0,360.0
Paan Corner,Pampers Premium Care Pants - Large,109900,18,2,89900,44,False,44,1099.0,899.0,200.0,1798.0
Paan Corner,Nivea Women Deodorant Fresh Natural Long Lasting Freshness & 48h Protection,19900,20,2,15900,150,False,150,199.0,159.0,40.0,318.0
Paan Corner,"L'Oreal Paris Excellence Creme Hair Color, 3 Dark Brown/Natural Darkest Brown",62000,0,6,62000,172,False,172,620.0,620.0,0.0,3720.0
Paan Corner,Patanjali Kesh Kanti Natural Hair Cleanser,7500,9,4,6800,200,False,200,75.0,68.0,7.0,272.0
Paan Corner,Godrej No.1 Bathing Soap  Lime & Aloe Vera,14900,0,6,14900,600,False,600,149.0,149.0,0.0,894.0
Paan Corner,Pantene Advanced Control Hair Fall Solution Shampoo,12000,6,5,11200,180,False,180,120.0,112.0,8.0,560.0
Paan Corner,Sebamed Cleansing Bar,9900,10,4,8900,100,False,100,99.0,89.0,10.0,356.0
Paan Corner,Colgate Gentle Sensitive+ Toothbrush Pack Of 4,12000,10,4,10800,232,False,4,120.0,108.0,12.0,432.0
Paan Corner,Hamam Soap Bar Neem Tulsi and Aloe Vera,5800,0,6,5800,150,False,150,58.0,58.0,0.0,348.0
Paan Corner,Head & Shoulders Anti-Dandruff Smooth & Silky Shampoo,15000,0,4,15000,180,False,180,150.0,150.0,0.0,600.0
Paan Corner,Clinic Plus Strength & Shine Shampoo With Egg Protein,10500,0,2,10500,175,False,175,105.0,105.0,0.0,210.0
Paan Corner,Engage M1 Perfume Spray for Men,21000,7,6,19400,120,False,120,210.0,194.0,16.0,1164.0
Paan Corner,Tresemme Keratin Smooth Conditioner,38000,0,3,38000,340,False,340,380.0,380.0,0.0,1140.0
Paan Corner,"Garnier Color Naturals Crème Hair Color, Shade 5 Light Brown",18000,0,1,18000,100,False,100,180.0,180.0,0.0,180.0
Paan Corner,Origami Aloe Vera Wipes,7500,13,4,6500,25,False,25,75.0,65.0,10.0,260.0
Paan Corner,"Engage Drizzle Deodorant For Women, Floral And Lavender, Skin Friendly",19500,10,6,17400,150,False,150,195.0,174.0,21.0,1044.0
Paan Corner,"Godrej Expert Rich Crème, Burgundy",3300,0,6,3300,20,False,20,33.0,33.0,0.0,198.0
Paan Corner,Gellette Presto Ready Shaver,2000,0,1,2000,58,False,1,20.0,20.0,0.0,20.0
Paan Corner,Colgate Zig Zag Charcoal Medium Toothbrush 4 Pcs,9900,0,6,9900,232,False,4,99.0,99.0,0.0,594.0
Paan Corner,Godrej Protekt,9900,0,3,9900,750,False,750,99.0,99.0,0.0,297.0
Paan Corner,Colgate Total Charcoal Anticavity Toothpaste,11000,10,3,9900,120,False,120,110.0,99.0,11.0,297.0
Paan Corner,Colgate Kids 0-2 Extra Soft Tooth Brush,3000,16,6,2500,58,False,1,30.0,25.0,5.0,150.0
Paan Corner,Gillete Mach3,26000,10,6,23400,116,False,2,260.0,234.0,26.0,1404.0
Paan Corner,Maybelline New York Colossal Kajal Black,14900,0,2,14900,0,False,0,149.0,149.0,0.0,298.0
Paan Corner,Godrej Cinthol Lime Talc,5500,0,3,5500,100,False,100,55.0,55.0,0.0,165.0
Paan Corner,Colgate Max Fresh Plax Mouthwash - Fresh Mint,15000,20,5,12000,250,False,250,150.0,120.0,30.0,600.0
Paan Corner,Revive Revive Liquid,7100,0,6,7100,200,False,200,71.0,71.0,0.0,426.0
Paan Corner,Godrej Aer Power Pocket - Long Lasting Bathroom Fragrance Floral Delight,5500,0,6,5500,10,False,10,55.0,55.0,0.0,330.0
Paan Corner,Mamaearth Vitamin C Face Toner,39900,0,1,39900,200,False,200,399.0,399.0,0.0,399.0
Paan Corner,Pantene Hairfall Control Conditioner,19000,6,6,17800,200,False,200,190.0,178.0,12.0,1068.0
Paan Corner,Mamaearth Ubtan Body Lotion,39900,15,4,33900,400,False,400,399.0,339.0,60.0,1356.0
Paan Corner,"MamyPoko Pants Standard Diapers, Extra Large (12 - 17 kg)",39900,7,0,36900,26,True,26,399.0,369.0,30.0,0.0
Paan Corner,Godrej Cinthol Lime Refreshing Deo Soap,11600,0,0,11600,400,True,400,116.0,116.0,0.0,0.0
Paan Corner,Bajaj Almond Drops Hair Oil Bottle,13000,7,0,12000,200,True,200,130.0,120.0,10.0,0.0
Paan Corner,Clean & Clear Morning Energy Lemon Face Wash,14500,9,0,13100,100,True,100,145.0,131.0,14.0,0.0
Paan Corner,Oxylife Natural Radiance 5 Creme Bleach - With Active Oxygen,8200,9,0,7400,27,True,27,82.0,74.0,8.0,0.0
Paan Corner,"Godrej No.1 Bathing Soap, Jasmine",8400,0,0,8400,400,True,100,84.0,84.0,0.0,0.0
Paan Corner,Bajaj Almond Drops Hair Oil,6700,10,0,6000,100,True,100,67.0,60.0,7.0,0.0
Paan Corner,Sensodyne Sensitive Fresh Gel Toothpaste,11500,7,0,10600,75,True,75,115.0,106.0,9.0,0.0
Paan Corner,Himalaya Diaper Rash Cream,8000,10,2,7200,20,False,20,80.0,72.0,8.0,144.0
Paan Corner,Dove Pink Rosa Beauty Bathing Bar,24500,9,6,22100,100,False,100,245.0,221.0,24.0,1326.0
Paan Corner,Dove Dryness Care Conditioner Frizzy & Dry Hair,9000,6,4,8400,80,False,80,90.0,84.0,6.0,336.0
Paan Corner,Dettol Original Liquid Handwash Refill,10900,3,0,10500,750,True,750,109.0,105.0,4.0,0.0
Paan Corner,Parachute 100% Pure Coconut Oil,12300,0,0,12300,300,True,300,123.0,123.0,0.0,0.0
Paan Corner,Fogg Royal Fragrance Spray,23000,0,4,23000,150,False,120,230.0,230.0,0.0,920.0
Paan Corner,Dabur Gulabari Premium Rose Water,4800,2,0,4700,120,True,120,48.0,47.0,1.0,0.0
Paan Corner,Parachute Advansed Gold Coconut Hair Oil,21500,9,0,19400,400,True,400,215.0,194.0,21.0,0.0
Paan Corner,Closeup Everfresh+ Anti-Germ Gel Toothpaste Red Hot,9000,10,0,8100,150,True,150,90.0,81.0,9.0,0.0
Paan Corner,Godrej No.1 Bathing Soap  Lime & Aloe Vera,10000,16,0,8400,500,True,100,100.0,84.0,16.0,0.0
